Workbook

Sheet 1a-Performance
A1: PERFORMANCE ATTRIBUTE & REQUIREMENT DEFINITIONS
A2: VE Title : | B2: 포장두께
A4: Performance Attribute | B4: Definition
A5: 시공성
A6: 유지관리성
A7: 내구성
A8: 이용편의성
A9: 친환경성
A10: 배수성
A11: 교통안전성
A12: 민원성
A17: Performance Requirement | B17: Definition

Sheet 1b-Sub-Performance
A1: SUB-PERFORMANCE ATTRIBUTE DEFINITIONS
A2: ='1a-Performance'!A2:B2 -> VE Title : | B2: ='1a-Performance'!B2 -> 포장두께
A3: Performance Attribute #1 : | B3: ='1a-Performance'!A5 -> 시공성
A4: Sub-Performance Attribute | B4: Definition
A9: Performance Attribute #2 : | B9: ='1a-Performance'!A6 -> 유지관리성
A10: Sub-Performance Attribute | B10: Definition
A15: Performance Attribute #3 : | B15: ='1a-Performance'!A7 -> 내구성
A16: Sub-Performance Attribute | B16: Definition
A21: Performance Attribute #4 : | B21: ='1a-Performance'!A8 -> 이용편의성
A22: Sub-Performance Attribute | B22: Definition
A27: Performance Attribute #5 : | B27: ='1a-Performance'!A9 -> 친환경성
A28: Sub-Performance Attribute | B28: Definition
A33: Performance Attribute #6 : | B33: ='1a-Performance'!A10 -> 배수성
A34: Sub-Performance Attribute | B34: Definition
A39: Performance Attribute #7 : | B39: ='1a-Performance'!A11 -> 교통안전성
A40: Sub-Performance Attribute | B40: Definition
A45: Performance Attribute #8 : | B45: ='1a-Performance'!A12 -> 민원성
A46: Sub-Performance Attribute | B46: Definition

Sheet 2a-Attribute Scales (1)
A1: PERFORMANCE ATTRIBUTE SCALES
A2: ='1a-Performance'!A2:B2 -> VE Title : | C2: ='1a-Performance'!B2 -> 포장두께
A3: Perfomance Attributes
A4: Rating | B4: ='1a-Performance'!A5 -> 시공성 | C4: ='1a-Performance'!A6 -> 유지관리성 | D4: ='1a-Performance'!A7 -> 내구성 | E4: ='1a-Performance'!A8 -> 이용편의성 | F4: ='1a-Performance'!A9 -> 친환경성 | G4: ='1a-Performance'!A10 -> 배수성 | H4: ='1a-Performance'!A11 -> 교통안전성 | I4: ='1a-Performance'!A12 -> 민원성
A5: 10 | B5: Alternative Concept is extremely preferred.
A6: 9 | B6: Alternative Concept is very strongly preferred.
A7: 8 | B7: Alternative Concept is strongly preferred.
A8: 7 | B8: Alternative Concept is moderately preferred.
A9: 6 | B9: Alternative Concept is slightly preferred.
A10: 5 | B10: Concepts are equally preferred.
A11: 4 | B11: Baseline Concept is slightly preferred.
A12: 3 | B12: Baseline Concept is moderately preferred.
A13: 2 | B13: Baseline Concept is strongly preferred.
A14: 1 | B14: Baseline Concept is very strongly preferred.
A15: 0 | B15: Baseline Concept is extremely preferred.
A17: Baseline Concept Evaluation
B18: =B4 -> 시공성 | C18: =C4 -> 유지관리성 | D18: =D4 -> 내구성 | E18: =E4 -> 이용편의성 | F18: =F4 -> 친환경성 | G18: =G4 -> 배수성 | H18: =H4 -> 교통안전성 | I18: =I4 -> 민원성
A19: Evaluation Rationale

Sheet 2b-Attribute Scales (2)
A1: PERFORMANCE ATTRIBUTE SCALES
A2: ='1a-Performance'!A2:B2 -> VE Title : | C2: ='1a-Performance'!B2 -> 포장두께
A3: Perfomance Attributes
A4: Rating
A5: 10 | B5: Alternative Concept is extremely preferred.
A6: 9 | B6: Alternative Concept is very strongly preferred.
A7: 8 | B7: Alternative Concept is strongly preferred.
A8: 7 | B8: Alternative Concept is moderately preferred.
A9: 6 | B9: Alternative Concept is slightly preferred.
A10: 5 | B10: Concepts are equally preferred.
A11: 4 | B11: Baseline Concept is slightly preferred.
A12: 3 | B12: Baseline Concept is moderately preferred.
A13: 2 | B13: Baseline Concept is strongly preferred.
A14: 1 | B14: Baseline Concept is very strongly preferred.
A15: 0 | B15: Baseline Concept is extremely preferred.
A17: Baseline Concept Evaluation
B18: =B4 -> 0 | C18: =C4 -> 0 | D18: =D4 -> 0 | E18: =E4 -> 0 | F18: =F4 -> 0 | G18: =G4 -> 0 | H18: =H4 -> 0 | I18: =I4 -> 0
A19: Evaluation Rationale

Sheet 2c-Attribute Scales (3)
A1: PERFORMANCE ATTRIBUTE SCALES
A2: ='1a-Performance'!A2:B2 -> VE Title : | C2: ='1a-Performance'!B2 -> 포장두께
A3: Perfomance Attributes
A4: Rating
A5: 10 | B5: >50% reduction in amount
A6: 9 | B6: 36~50% reduction in amount
A7: 8 | B7: 21~35% reduction in amount
A8: 7 | B8: 11~20% reduction in amount
A9: 6 | B9: 1~10% reduction in amount
A10: 5 | B10: Current amount
A11: 4 | B11: 1~10% increase in amount
A12: 3 | B12: 11~20% increase in amount
A13: 2 | B13: 21~35% increase in amount
A14: 1 | B14: 36~50% increase in amount
A15: 0 | B15: >50% increase in amount
A17: Baseline Concept Evaluation
B18: =B4 -> 0 | C18: =C4 -> 0 | D18: =D4 -> 0 | E18: =E4 -> 0 | F18: =F4 -> 0 | G18: =G4 -> 0 | H18: =H4 -> 0 | I18: =I4 -> 0
A19: Evaluation Rationale

Sheet 2d-Attribute Scales (4)
A1: PERFORMANCE ATTRIBUTE SCALES
A2: ='1a-Performance'!A2:B2 -> VE Title : | C2: ='1a-Performance'!B2 -> 포장두께
A3: Perfomance Attributes
A4: Rating
A5: 10 | B5: >50% reduction in amount | F5: >50% increase in amount
A6: 9 | B6: 36~50% reduction in amount | F6: 36~50% increase in amount
A7: 8 | B7: 21~35% reduction in amount | F7: 21~35% increase in amount
A8: 7 | B8: 11~20% reduction in amount | F8: 11~20% increase in amount
A9: 6 | B9: 1~10% reduction in amount | F9: 1~10% increase in amount
A10: 5 | B10: Current amount | F10: Current amount
A11: 4 | B11: 1~10% increase in amount | F11: 1~10% reduction in amount
A12: 3 | B12: 11~20% increase in amount | F12: 11~20% reduction in amount
A13: 2 | B13: 21~35% increase in amount | F13: 21~35% reduction in amount
A14: 1 | B14: 36~50% increase in amount | F14: 36~50% reduction in amount
A15: 0 | B15: >50% increase in amount | F15: >50% reduction in amount
A17: Baseline Concept Evaluation
B18: =B4 -> 0 | C18: =C4 -> 0 | D18: =D4 -> 0 | E18: =E4 -> 0 | F18: =F4 -> 0 | G18: =G4 -> 0 | H18: =H4 -> 0 | I18: =I4 -> 0
A19: Evaluation Rationale

Sheet 2e-Attribute Scales (5)
A1: PERFORMANCE ATTRIBUTE SCALES
A2: ='1a-Performance'!A2:B2 -> VE Title : | C2: ='1a-Performance'!B2 -> 포장두께
A3: Perfomance Attributes
A4: Rating
A5: 10 | B5: LOS "A" : Volume/Capacity = 0.0~0.3 ; Free flow - excellent operation
A6: 9 | B6: LOS "B" : Volume/Capacity = 0.31~0.48 ; Stable flow - very/good operation
A7: 8 | B7: LOS "C" : Volume/Capacity = 0.49~0.64 ; Stable flow - good operation
A8: 7 | B8: LOS "D" : Volume/Capacity = 0.65~0.80 ; Approaching unstable flow - fair operation
A9: 6 | B9: LOS "E" : Volume/Capacity = 0.81~0.90 ; Unstable flow - poor operation
A10: 5
A11: 4 | B11: LOS "F" : Volume/Capacity = 0.91~1.05 ; Traffic congestion for 15 minutes to 1 hour
A12: 3 | B12: LOS "F" : Volume/Capacity = 1.06~1.20 ; Traffic congestion for 1 to 2 hour
A13: 2 | B13: LOS "F" : Volume/Capacity = 1.21~1.34 ; Traffic congestion for 2 to 3 hour
A14: 1 | B14: LOS "F" : Volume/Capacity = 1.35 or more ; Traffic congestion for more than 3 hours
A15: 0
A17: Baseline Concept Evaluation
B18: =B4 -> 0 | C18: =C4 -> 0 | D18: =D4 -> 0 | E18: =E4 -> 0 | F18: =F4 -> 0 | G18: =G4 -> 0 | H18: =H4 -> 0 | I18: =I4 -> 0
A19: Evaluation Rationale

Sheet 3a-Attribute Rating(A)
A1: PERFORMANCE ATTRIBUTE RATING(METHOD-A)
A2: ='1a-Performance'!A2 -> VE Title : | C2: ='1a-Performance'!B2 -> 포장두께
A3: A. 입력값 평균법
A4: A-1. Pairwise Comparison Matrices
A5: 평 가 항 목 | C5: 1 | D5: 2 | E5: 3 | F5: 4 | G5: 5 | H5: 6 | I5: 7 | J5: 8 | L5: 행곱 | M5: N | N5: Eigen Vector | O5: Priority Vector | P5: 확정치(%)
A6: 1 | B6: ='1a-Performance'!A5 -> 시공성 | C6: 1 | D6: =GEOMEAN('3c-PCM#1'!D6) -> 1 | E6: =GEOMEAN('3c-PCM#1'!E6) -> 1.5 | F6: =GEOMEAN('3c-PCM#1'!F6) -> 1 | G6: =GEOMEAN('3c-PCM#1'!G6) -> 1.5 | H6: =GEOMEAN('3c-PCM#1'!H6) -> 2 | I6: =GEOMEAN('3c-PCM#1'!I6) -> 2 | J6: =GEOMEAN('3c-PCM#1'!J6) -> 1 | L6: =PRODUCT(C6:J6) -> 9 | M6: =IF($J$6<>"",8,(IF($I$6<>"",7,(IF($H$6<>"",6,5))))) -> 8 | N6: =L6^(1/M6) -> 1.316074 | O6: =N6/$N$14 -> 0.16271659 | P6: =ROUND(O6,3) -> 0.163
A7: 2 | B7: ='1a-Performance'!A6 -> 유지관리성 | C7: =1/D6 -> 1 | D7: 1 | E7: =GEOMEAN('3c-PCM#1'!E7) -> 1 | F7: =GEOMEAN('3c-PCM#1'!F7) -> 1 | G7: =GEOMEAN('3c-PCM#1'!G7) -> 1.5 | H7: =GEOMEAN('3c-PCM#1'!H7) -> 1 | I7: =GEOMEAN('3c-PCM#1'!I7) -> 2 | J7: =GEOMEAN('3c-PCM#1'!J7) -> 1 | L7: =PRODUCT(C7:J7) -> 3 | M7: =IF($J$6<>"",8,(IF($I$6<>"",7,(IF($H$6<>"",6,5))))) -> 8 | N7: =L7^(1/M7) -> 1.1472027 | O7: =N7/$N$14 -> 0.1418377 | P7: =ROUND(O7,3) -> 0.142
A8: 3 | B8: ='1a-Performance'!A7 -> 내구성 | C8: =1/E6 -> 0.66666667 | D8: =1/E7 -> 1 | E8: 1 | F8: =GEOMEAN('3c-PCM#1'!F8) -> 1.5 | G8: =GEOMEAN('3c-PCM#1'!G8) -> 1 | H8: =GEOMEAN('3c-PCM#1'!H8) -> 1 | I8: =GEOMEAN('3c-PCM#1'!I8) -> 1.5 | J8: =GEOMEAN('3c-PCM#1'!J8) -> 1 | L8: =PRODUCT(C8:J8) -> 1.5 | M8: =IF($J$6<>"",8,(IF($I$6<>"",7,(IF($H$6<>"",6,5))))) -> 8 | N8: =L8^(1/M8) -> 1.0519895 | O8: =N8/$N$14 -> 0.13006574 | P8: =ROUND(O8,3)-0.001 -> 0.129
A9: 4 | B9: ='1a-Performance'!A8 -> 이용편의성 | C9: =1/F6 -> 1 | D9: =1/F7 -> 1 | E9: =1/F8 -> 0.66666667 | F9: 1 | G9: =GEOMEAN('3c-PCM#1'!G9) -> 1 | H9: =GEOMEAN('3c-PCM#1'!H9) -> 1 | I9: =GEOMEAN('3c-PCM#1'!I9) -> 1 | J9: =GEOMEAN('3c-PCM#1'!J9) -> 1 | L9: =PRODUCT(C9:J9) -> 0.66666667 | M9: =IF($J$6<>"",8,(IF($I$6<>"",7,(IF($H$6<>"",6,5))))) -> 8 | N9: =L9^(1/M9) -> 0.95057982 | O9: =N9/$N$14 -> 0.11752767 | P9: =ROUND(O9,3)-0.001 -> 0.117
A10: 5 | B10: ='1a-Performance'!A9 -> 친환경성 | C10: =1/G6 -> 0.66666667 | D10: =1/G7 -> 0.66666667 | E10: =1/G8 -> 1 | F10: =1/G9 -> 1 | G10: 1 | H10: =GEOMEAN('3c-PCM#1'!H10) -> 0.7 | I10: =GEOMEAN('3c-PCM#1'!I10) -> 0.5 | J10: =GEOMEAN('3c-PCM#1'!J10) -> 1 | L10: =PRODUCT(C10:J10) -> 0.15555556 | M10: =IF($J$6<>"",8,(IF($I$6<>"",7,(IF($H$6<>"",6,5))))) -> 8 | N10: =L10^(1/M10) -> 0.79247522 | O10: =N10/$N$14 -> 0.097979949 | P10: =ROUND(O10,3) -> 0.098
A11: 6 | B11: ='1a-Performance'!A10 -> 배수성 | C11: =1/H6 -> 0.5 | D11: =1/H7 -> 1 | E11: =1/H8 -> 1 | F11: =1/H9 -> 1 | G11: =1/H10 -> 1.4285714 | H11: 1 | I11: =GEOMEAN('3c-PCM#1'!I11) -> 0.5 | J11: =GEOMEAN('3c-PCM#1'!J11) -> 1 | L11: =PRODUCT(C11:J11) -> 0.35714286 | M11: =IF($J$6<>"",8,(IF($I$6<>"",7,(IF($H$6<>"",6,5))))) -> 8 | N11: =L11^(1/M11) -> 0.87923556 | O11: =N11/$N$14 -> 0.10870681 | P11: =ROUND(O11,3) -> 0.109
A12: 7 | B12: ='1a-Performance'!A11 -> 교통안전성 | C12: =1/I6 -> 0.5 | D12: =1/I7 -> 0.5 | E12: =1/I8 -> 0.66666667 | F12: =1/I9 -> 1 | G12: =1/I10 -> 2 | H12: =1/I11 -> 2 | I12: 1 | J12: =GEOMEAN('3c-PCM#1'!J12) -> 1 | L12: =PRODUCT(C12:J12) -> 0.66666667 | M12: =IF($J$6<>"",8,(IF($I$6<>"",7,(IF($H$6<>"",6,5))))) -> 8 | N12: =L12^(1/M12) -> 0.95057982 | O12: =N12/$N$14 -> 0.11752767 | P12: =ROUND(O12,3) -> 0.118
A13: 8 | B13: ='1a-Performance'!A12 -> 민원성 | C13: =1/J6 -> 1 | D13: =1/J7 -> 1 | E13: =1/J8 -> 1 | F13: =1/J9 -> 1 | G13: =1/J10 -> 1 | H13: =1/J11 -> 1 | I13: =1/J12 -> 1 | J13: 1 | L13: =PRODUCT(C13:J13) -> 1 | M13: =IF($J$6<>"",8,(IF($I$6<>"",7,(IF($H$6<>"",6,5))))) -> 8 | N13: =L13^(1/M13) -> 1 | O13: =N13/$N$14 -> 0.12363787 | P13: =ROUND(O13,3) -> 0.124
A14: 열(Column)합 | C14: =SUM(C6:C13) -> 6.3333333 | D14: =SUM(D6:D13) -> 7.1666667 | E14: =SUM(E6:E13) -> 7.8333333 | F14: =SUM(F6:F13) -> 8.5 | G14: =SUM(G6:G13) -> 10.428571 | H14: =SUM(H6:H13) -> 9.7 | I14: =SUM(I6:I13) -> 9.5 | J14: =SUM(J6:J13) -> 8 | L14: SUM | N14: =SUM(N6:N13) -> 8.0881366 | O14: =SUM(O6:O13) -> 1 | P14: =SUM(P6:P13) -> 1
A15: A-2. Confidence Index(CI)
A16: ▶ λmax = | C16: =MMULT(C14:J14,O6:O13) -> 8.2467382 | D16: ☜ Pairwise Comparison Matrices의 열합행렬(1행×8열)과 Priority Veoctor(8행×1열)의 행렬곱
A17: ▶ CI = | C17: =(C16-M6)/(M6-1) -> 0.035248314 | D17: ☜ CI = (λmax - N) / (N-1)
A18: ▶ CR = | C18: =C17/(HLOOKUP(M6,C19:J20,2,TRUE)) -> 0.024998804 | D18: ☜ CR = CI / RI | F18: =IF(C18<=0.1,"∴O.K","∴N.G") -> ∴O.K
B19: N | C19: 3 | D19: 4 | E19: 5 | F19: 6 | G19: 7 | H19: 8 | I19: 9 | J19: 10
B20: RI | C20: 0.58 | D20: 0.9 | E20: 1.12 | F20: 1.24 | G20: 1.32 | H20: 1.41 | I20: 1.45 | J20: 1.51
A22: B. 결과치 평균법
A23: 평 가 항 목 | C23: 1 | D23: 2 | E23: 3 | F23: 4 | G23: 5 | H23: 6 | I23: 7 | J23: 평균
A24: 1 | B24: =B6 -> 시공성 | C24: ='3c-PCM#1'!P6 -> 0.163 | D24: =#REF! -> #REF! | E24: =#REF! -> #REF! | F24: =#REF! -> #REF! | G24: =#REF! -> #REF! | J24: =AVERAGE(C24:I24) -> #REF!
A25: 2 | B25: =B7 -> 유지관리성 | C25: ='3c-PCM#1'!P7 -> 0.142 | D25: =#REF! -> #REF! | E25: =#REF! -> #REF! | F25: =#REF! -> #REF! | G25: =#REF! -> #REF! | J25: =AVERAGE(C25:I25) -> #REF!
A26: 3 | B26: =B8 -> 내구성 | C26: ='3c-PCM#1'!P8 -> 0.13 | D26: =#REF! -> #REF! | E26: =#REF! -> #REF! | F26: =#REF! -> #REF! | G26: =#REF! -> #REF! | J26: =AVERAGE(C26:I26) -> #REF!
A27: 4 | B27: =B9 -> 이용편의성 | C27: ='3c-PCM#1'!P9 -> 0.118 | D27: =#REF! -> #REF! | E27: =#REF! -> #REF! | F27: =#REF! -> #REF! | G27: =#REF! -> #REF! | J27: =AVERAGE(C27:I27) -> #REF!
A28: 5 | B28: =B10 -> 친환경성 | C28: ='3c-PCM#1'!P10 -> 0.098 | D28: =#REF! -> #REF! | E28: =#REF! -> #REF! | F28: =#REF! -> #REF! | G28: =#REF! -> #REF! | J28: =AVERAGE(C28:I28) -> #REF!
A29: 6 | B29: =B11 -> 배수성 | C29: ='3c-PCM#1'!P11 -> 0.109 | D29: =#REF! -> #REF! | E29: =#REF! -> #REF! | F29: =#REF! -> #REF! | G29: =#REF! -> #REF! | J29: =AVERAGE(C29:I29) -> #REF!
A30: 7 | B30: =B12 -> 교통안전성 | C30: ='3c-PCM#1'!P12 -> 0.118 | D30: =#REF! -> #REF! | E30: =#REF! -> #REF! | F30: =#REF! -> #REF! | G30: =#REF! -> #REF! | J30: =AVERAGE(C30:I30) -> #REF!
A31: 8 | B31: =B13 -> 민원성 | C31: ='3c-PCM#1'!P13 -> 0.124 | D31: =#REF! -> #REF! | E31: =#REF! -> #REF! | F31: =#REF! -> #REF! | G31: =#REF! -> #REF! | J31: =AVERAGE(C31:I31) -> #REF!
A32: 합 계 | C32: =SUM(C24:C31) -> 1.002 | D32: =SUM(D24:D31) -> #REF! | E32: =SUM(E24:E31) -> #REF! | F32: =SUM(F24:F31) -> #REF! | G32: =SUM(G24:G31) -> #REF! | J32: =SUM(J24:J31) -> #REF!

Sheet 3b-Attribute Rating(B)
A1: PERFORMANCE ATTRIBUTE RATING(METHOD-B)
A2: ='1a-Performance'!A2 -> VE Title : | C2: ='1a-Performance'!B2 -> 포장두께
A3: A. 가중치 결정 설문결과(절대값 적용) | G3: 본 과업에서는 적용하지 않음
A4: No | B4: 평가항목 | C4: 전문가 7인 설문 응답지 | L4: 설문 평균 | M4: VE팀 평균 | N4: 전체평균 | P4: COV
C5: 1 | D5: 2 | E5: 3 | F5: 4 | G5: 5 | H5: 6 | I5: 7 | J5: 8 | K5: 9 | N5: 계산치 | O5: 조정치
A6: 1 | B6: ='3a-Attribute Rating(A)'!B6 -> 시공성 | C6: ='3c-PCM#1'!Q6 -> 9 | D6: 7 | E6: 6 | F6: 7 | G6: 8 | H6: 8 | I6: 8 | J6: 8 | K6: 8 | L6: =AVERAGE(C6:I6) -> 7.5714286 | M6: 8 | N6: =(L6*0.7+M6*0.3) -> 7.7 | O6: =ROUND(N6,0) -> 8 | P6: =SQRT(VAR(C6:I6))/O6 -> 0.12198751
A7: 2 | B7: ='3a-Attribute Rating(A)'!B7 -> 유지관리성 | C7: ='3c-PCM#1'!Q7 -> 8 | D7: 9 | E7: 8 | F7: 9 | G7: 8 | H7: 8 | I7: 9 | J7: 9 | K7: 9 | L7: =AVERAGE(C7:I7) -> 8.4285714 | M7: 8.6 | N7: =(L7*0.7+M7*0.3) -> 8.48 | O7: =ROUND(N7,0) -> 8 | P7: =SQRT(VAR(C7:I7))/O7 -> 0.06681531
A8: 3 | B8: ='3a-Attribute Rating(A)'!B8 -> 내구성 | C8: ='3c-PCM#1'!Q8 -> 7 | D8: 8 | E8: 7 | F8: 6 | G8: 6 | H8: 8 | I8: 8 | J8: 8 | K8: 8 | L8: =AVERAGE(C8:I8) -> 7.1428571 | M8: 8.3 | N8: =(L8*0.7+M8*0.3) -> 7.49 | O8: =ROUND(N8,0) -> 7 | P8: =SQRT(VAR(C8:I8))/O8 -> 0.12853363
A9: 4 | B9: ='3a-Attribute Rating(A)'!B9 -> 이용편의성 | C9: ='3c-PCM#1'!Q9 -> 7 | D9: 8 | E9: 8 | F9: 8 | G9: 9 | H9: 8 | I9: 9 | J9: 9 | K9: 9 | L9: =AVERAGE(C9:I9) -> 8.1428571 | M9: 8.7 | N9: =(L9*0.7+M9*0.3) -> 8.31 | O9: =ROUND(N9,0) -> 8 | P9: =SQRT(VAR(C9:I9))/O9 -> 0.086258195
A10: 5 | B10: ='3a-Attribute Rating(A)'!B10 -> 친환경성 | C10: ='3c-PCM#1'!Q10 -> 5 | D10: 8 | E10: 9 | F10: 8 | G10: 7 | H10: 8 | I10: 9 | J10: 9 | K10: 9 | L10: =AVERAGE(C10:I10) -> 7.7142857 | M10: 8.6 | N10: =(L10*0.7+M10*0.3) -> 7.98 | O10: =ROUND(N10,0) -> 8 | P10: =SQRT(VAR(C10:I10))/O10 -> 0.17251639
A11: 6 | B11: ='3a-Attribute Rating(A)'!B11 -> 배수성 | C11: ='3c-PCM#1'!Q11 -> 6 | D11: 8 | E11: 9 | F11: 8 | G11: 8 | H11: 9 | I11: 8 | J11: 8 | K11: 8 | L11: =AVERAGE(C11:I11) -> 8 | M11: 8.8 | N11: =(L11*0.7+M11*0.3) -> 8.24 | O11: =ROUND(N11,0) -> 8 | P11: =SQRT(VAR(C11:I11))/O11 -> 0.125
A12: 7 | B12: ='3a-Attribute Rating(A)'!B12 -> 교통안전성
A13: 8 | B13: ='3a-Attribute Rating(A)'!B13 -> 민원성
A14: B. Pairwise Comparison Matrices
A15: 평 가 항 목 | C15: 1 | D15: 2 | E15: 3 | F15: 4 | G15: 5 | H15: 6 | I15: 7 | J15: 8 | L15: 행곱 | M15: N | N15: Eigen Vector | O15: Priority Vector | P15: 확정치(%)
A16: 1 | B16: =B6 -> 시공성 | C16: 1 | D16: =IF(O6>O7, MAX(O6,O7)-MIN(O6,O7)+1, 1/(MAX(O6,O7)-MIN(O6,O7)+1)) -> 1 | E16: =IF(O6>O8, MAX(O6,O8)-MIN(O6,O8)+1, 1/(MAX(O6,O8)-MIN(O6,O8)+1)) -> 2 | F16: =IF(O6>O9, MAX(O6,O9)-MIN(O6,O9)+1, 1/(MAX(O6,O9)-MIN(O6,O9)+1)) -> 1 | G16: =IF(O6>O10, MAX(O6,O10)-MIN(O6,O10)+1, 1/(MAX(O6,O10)-MIN(O6,O10)+1)) -> 1 | H16: =IF(O6>O11, MAX(O6,O11)-MIN(O6,O11)+1, 1/(MAX(O6,O11)-MIN(O6,O11)+1)) -> 1 | L16: =PRODUCT(C16:J16) -> 2 | M16: =$H$15 -> 6 | N16: =L16^(1/M16) -> 1.122462 | O16: =N16/$N$24 -> 0.18181818 | P16: =ROUND(O16,3) -> 0.182
A17: 2 | B17: =B7 -> 유지관리성 | C17: =1/D16 -> 1 | D17: 1 | E17: =IF(O7>O8, MAX(O7,O8)-MIN(O7,O8)+1, 1/(MAX(O7,O8)-MIN(O7,O8)+1)) -> 2 | F17: =IF(O7>O9, MAX(O7,O9)-MIN(O7,O9)+1, 1/(MAX(O7,O9)-MIN(O7,O9)+1)) -> 1 | G17: =IF(O7>O10, MAX(O7,O10)-MIN(O7,O10)+1, 1/(MAX(O7,O10)-MIN(O7,O10)+1)) -> 1 | H17: =IF(O7>O11, MAX(O7,O11)-MIN(O7,O11)+1, 1/(MAX(O7,O11)-MIN(O7,O11)+1)) -> 1 | L17: =PRODUCT(C17:J17) -> 2 | M17: =$H$15 -> 6 | N17: =L17^(1/M17) -> 1.122462 | O17: =N17/$N$24 -> 0.18181818 | P17: =ROUND(O17,3) -> 0.182
A18: 3 | B18: =B8 -> 내구성 | C18: =1/E16 -> 0.5 | D18: =1/E17 -> 0.5 | E18: 1 | F18: =IF(O8>O9, MAX(O8,O9)-MIN(O8,O9)+1, 1/(MAX(O8,O9)-MIN(O8,O9)+1)) -> 0.5 | G18: =IF(O8>O10, MAX(O8,O10)-MIN(O8,O10)+1, 1/(MAX(O8,O10)-MIN(O8,O10)+1)) -> 0.5 | H18: =IF(O8>O11, MAX(O8,O11)-MIN(O8,O11)+1, 1/(MAX(O8,O11)-MIN(O8,O11)+1)) -> 0.5 | L18: =PRODUCT(C18:J18) -> 0.03125 | M18: =$H$15 -> 6 | N18: =L18^(1/M18) -> 0.56123102 | O18: =N18/$N$24 -> 0.090909091 | P18: =ROUND(O18,3) -> 0.091
A19: 4 | B19: =B9 -> 이용편의성 | C19: =1/F16 -> 1 | D19: =1/F17 -> 1 | E19: =1/F18 -> 2 | F19: 1 | G19: =IF(O9>O10, MAX(O9,O10)-MIN(O9,O10)+1, 1/(MAX(O9,O10)-MIN(O9,O10)+1)) -> 1 | H19: =IF(O9>O11, MAX(O9,O11)-MIN(O9,O11)+1, 1/(MAX(O9,O11)-MIN(O9,O11)+1)) -> 1 | L19: =PRODUCT(C19:J19) -> 2 | M19: =$H$15 -> 6 | N19: =L19^(1/M19) -> 1.122462 | O19: =N19/$N$24 -> 0.18181818 | P19: =ROUND(O19,3) -> 0.182
A20: 5 | B20: =B10 -> 친환경성 | C20: =1/G16 -> 1 | D20: =1/G17 -> 1 | E20: =1/G18 -> 2 | F20: =1/G19 -> 1 | G20: 1 | H20: =IF(O10>O11, MAX(O10,O11)-MIN(O10,O11)+1, 1/(MAX(O10,O11)-MIN(O10,O11)+1)) -> 1 | L20: =PRODUCT(C20:J20) -> 2 | M20: =$H$15 -> 6 | N20: =L20^(1/M20) -> 1.122462 | O20: =N20/$N$24 -> 0.18181818 | P20: =ROUND(O20,3) -> 0.182
A21: 6 | B21: =B11 -> 배수성 | C21: =1/H16 -> 1 | D21: =1/H17 -> 1 | E21: =1/H18 -> 2 | F21: =1/H19 -> 1 | G21: =1/H20 -> 1 | H21: 1 | L21: =PRODUCT(C21:J21) -> 2 | M21: =$H$15 -> 6 | N21: =L21^(1/M21) -> 1.122462 | O21: =N21/$N$24 -> 0.18181818 | P21: =ROUND(O21,3) -> 0.182
A22: 7 | B22: =B12 -> 교통안전성
A23: 8 | B23: =B13 -> 민원성
A24: 열(Column)합 | C24: =SUM(C16:C23) -> 5.5 | D24: =SUM(D16:D23) -> 5.5 | E24: =SUM(E16:E23) -> 11 | F24: =SUM(F16:F23) -> 5.5 | G24: =SUM(G16:G23) -> 5.5 | H24: =SUM(H16:H23) -> 5.5 | L24: SUM | N24: =SUM(N16:N23) -> 6.1735413 | O24: =SUM(O16:O23) -> 1 | P24: =SUM(P16:P23) -> 1.001
A25: C. Confidence Index(CI)
A26: C-1. λmax = | C26: =MMULT(C24:H24,O16:O21) -> 6 | D26: ☜ Pairwise Comparison Matrices의 열합행렬(1행×8열)과 Priority Veoctor(8행×1열)의 행렬곱
A27: C-2. CI = | C27: =(C26-M16)/(M16-1) -> 0 | D27: ☜ CI = (λmax - N) / (N-1) | H27: C-3. CR = | J27: =C27/(HLOOKUP(M16,C28:J29,2,TRUE)) -> 0 | K27: ☜ CR = CI / RI
B28: N | C28: 3 | D28: 4 | E28: 5 | F28: 6 | G28: 7 | H28: 8 | I28: 9 | J28: 10
B29: RI | C29: 0.58 | D29: 0.9 | E29: 1.12 | F29: 1.24 | G29: 1.32 | H29: 1.41 | I29: 1.45 | J29: 1.51

Sheet 3c-PCM#1
A1: PERFORMANCE ATTRIBUTE RATING(PCM#1)
A2: ='1a-Performance'!A2 -> VE Title : | C2: ='1a-Performance'!B2 -> 포장두께
A3: A. Pairwise Comparison Matrices | G3: (설문자 : VE전문가)
A5: 평 가 항 목 | C5: 1 | D5: 2 | E5: 3 | F5: 4 | G5: 5 | H5: 6 | I5: 7 | J5: 8 | L5: 행곱 | M5: N | N5: Eigen Vector | O5: Priority Vector | P5: 확정치(%) | Q5: 절대값
A6: 1 | B6: ='3a-Attribute Rating(A)'!B6 -> 시공성 | C6: 1 | D6: 1 | E6: 1.5 | F6: 1 | G6: 1.5 | H6: 2 | I6: 2 | J6: 1 | L6: =PRODUCT(C6:J6) -> 9 | M6: =IF($J$6<>"",8,(IF($I$6<>"",7,(IF($H$6<>"",6,5))))) -> 8 | N6: =L6^(1/M6) -> 1.316074 | O6: =N6/$N$14 -> 0.16271659 | P6: =ROUND(O6,3) -> 0.163 | Q6: =ROUND(O6/MAX($O$6:$O$13)*9,0) -> 9
A7: 2 | B7: ='3a-Attribute Rating(A)'!B7 -> 유지관리성 | C7: =1/D6 -> 1 | D7: 1 | E7: 1 | F7: 1 | G7: 1.5 | H7: 1 | I7: 2 | J7: 1 | L7: =PRODUCT(C7:J7) -> 3 | M7: =IF($J$6<>"",8,(IF($I$6<>"",7,(IF($H$6<>"",6,5))))) -> 8 | N7: =L7^(1/M7) -> 1.1472027 | O7: =N7/$N$14 -> 0.1418377 | P7: =ROUND(O7,3) -> 0.142 | Q7: =ROUND(O7/MAX($O$6:$O$13)*9,0) -> 8
A8: 3 | B8: ='3a-Attribute Rating(A)'!B8 -> 내구성 | C8: =1/E6 -> 0.66666667 | D8: =1/E7 -> 1 | E8: 1 | F8: 1.5 | G8: 1 | H8: 1 | I8: 1.5 | J8: 1 | L8: =PRODUCT(C8:J8) -> 1.5 | M8: =IF($J$6<>"",8,(IF($I$6<>"",7,(IF($H$6<>"",6,5))))) -> 8 | N8: =L8^(1/M8) -> 1.0519895 | O8: =N8/$N$14 -> 0.13006574 | P8: =ROUND(O8,3) -> 0.13 | Q8: =ROUND(O8/MAX($O$6:$O$13)*9,0) -> 7
A9: 4 | B9: ='3a-Attribute Rating(A)'!B9 -> 이용편의성 | C9: =1/F6 -> 1 | D9: =1/F7 -> 1 | E9: =1/F8 -> 0.66666667 | F9: 1 | G9: 1 | H9: 1 | I9: 1 | J9: 1 | L9: =PRODUCT(C9:J9) -> 0.66666667 | M9: =IF($J$6<>"",8,(IF($I$6<>"",7,(IF($H$6<>"",6,5))))) -> 8 | N9: =L9^(1/M9) -> 0.95057982 | O9: =N9/$N$14 -> 0.11752767 | P9: =ROUND(O9,3) -> 0.118 | Q9: =ROUND(O9/MAX($O$6:$O$13)*9,0) -> 7
A10: 5 | B10: ='3a-Attribute Rating(A)'!B10 -> 친환경성 | C10: =1/G6 -> 0.66666667 | D10: =1/G7 -> 0.66666667 | E10: =1/G8 -> 1 | F10: =1/G9 -> 1 | G10: 1 | H10: 0.7 | I10: 0.5 | J10: 1 | L10: =PRODUCT(C10:J10) -> 0.15555556 | M10: =IF($J$6<>"",8,(IF($I$6<>"",7,(IF($H$6<>"",6,5))))) -> 8 | N10: =L10^(1/M10) -> 0.79247522 | O10: =N10/$N$14 -> 0.097979949 | P10: =ROUND(O10,3) -> 0.098 | Q10: =ROUND(O10/MAX($O$6:$O$13)*9,0) -> 5
A11: 6 | B11: ='3a-Attribute Rating(A)'!B11 -> 배수성 | C11: =1/H6 -> 0.5 | D11: =1/H7 -> 1 | E11: =1/H8 -> 1 | F11: =1/H9 -> 1 | G11: =1/H10 -> 1.4285714 | H11: 1 | I11: 0.5 | J11: 1 | L11: =PRODUCT(C11:J11) -> 0.35714286 | M11: =IF($J$6<>"",8,(IF($I$6<>"",7,(IF($H$6<>"",6,5))))) -> 8 | N11: =L11^(1/M11) -> 0.87923556 | O11: =N11/$N$14 -> 0.10870681 | P11: =ROUND(O11,3) -> 0.109 | Q11: =ROUND(O11/MAX($O$6:$O$13)*9,0) -> 6
A12: 7 | B12: ='3a-Attribute Rating(A)'!B12 -> 교통안전성 | C12: =1/I6 -> 0.5 | D12: =1/I7 -> 0.5 | E12: =1/I8 -> 0.66666667 | F12: =1/I9 -> 1 | G12: =1/I10 -> 2 | H12: =1/I11 -> 2 | I12: 1 | J12: 1 | L12: =PRODUCT(C12:J12) -> 0.66666667 | M12: =IF($J$6<>"",8,(IF($I$6<>"",7,(IF($H$6<>"",6,5))))) -> 8 | N12: =L12^(1/M12) -> 0.95057982 | O12: =N12/$N$14 -> 0.11752767 | P12: =ROUND(O12,3) -> 0.118 | Q12: =ROUND(O12/MAX($O$6:$O$13)*9,0) -> 7
A13: 8 | B13: ='3a-Attribute Rating(A)'!B13 -> 민원성 | C13: =1/J6 -> 1 | D13: =1/J7 -> 1 | E13: =1/J8 -> 1 | F13: =1/J9 -> 1 | G13: =1/J10 -> 1 | H13: =1/J11 -> 1 | I13: =1/J12 -> 1 | J13: 1 | L13: =PRODUCT(C13:J13) -> 1 | M13: =IF($J$6<>"",8,(IF($I$6<>"",7,(IF($H$6<>"",6,5))))) -> 8 | N13: =L13^(1/M13) -> 1 | O13: =N13/$N$14 -> 0.12363787 | P13: =ROUND(O13,3) -> 0.124 | Q13: =ROUND(O13/MAX($O$6:$O$13)*9,0) -> 7
A14: 열(Column)합 | C14: =SUM(C6:C13) -> 6.3333333 | D14: =SUM(D6:D13) -> 7.1666667 | E14: =SUM(E6:E13) -> 7.8333333 | F14: =SUM(F6:F13) -> 8.5 | G14: =SUM(G6:G13) -> 10.428571 | H14: =SUM(H6:H13) -> 9.7 | I14: =SUM(I6:I13) -> 9.5 | J14: =SUM(J6:J13) -> 8 | L14: SUM | N14: =SUM(N6:N13) -> 8.0881366 | O14: =SUM(O6:O13) -> 1 | P14: =SUM(P6:P13) -> 1.002
A16: B. Confidence Index(CI)
A17: B-1. λmax = | C17: =MMULT(C14:J14,O6:O13) -> 8.2467382 | D17: ☜ Pairwise Comparison Matrices의 열합행렬(1행×8열)과 Priority Veoctor(8행×1열)의 행렬곱
A18: B-2. CI = | C18: =(C17-M6)/(M6-1) -> 0.035248314 | D18: ☜ CI = (λmax - N) / (N-1)
A19: B-3. CR = | C19: =C18/(HLOOKUP(M6,C20:J21,2,TRUE)) -> 0.024998804 | D19: ☜ CR = CI / RI | F19: =IF(C19<=0.1,"∴O.K","∴N.G") -> ∴O.K
B20: N | C20: 3 | D20: 4 | E20: 5 | F20: 6 | G20: 7 | H20: 8 | I20: 9 | J20: 10
B21: RI | C21: 0.58 | D21: 0.9 | E21: 1.12 | F21: 1.24 | G21: 1.32 | H21: 1.41 | I21: 1.45 | J21: 1.51

Sheet 3d-PCM#2
A1: PERFORMANCE ATTRIBUTE RATING(PCM#2)
A2: ='1a-Performance'!A2 -> VE Title : | C2: ='1a-Performance'!B2 -> 포장두께
A3: A. Pairwise Comparison Matrices | G3: (설문자 : 시공전문가)
A5: 평 가 항 목 | C5: 1 | D5: 2 | E5: 3 | F5: 4 | G5: 5 | H5: 6 | I5: 7 | J5: 8 | L5: 행곱 | M5: N | N5: Eigen Vector | O5: Priority Vector | P5: 확정치(%) | Q5: 절대값
A6: 1 | B6: ='3a-Attribute Rating(A)'!B6 -> 시공성 | C6: 1 | D6: 1 | E6: 2 | F6: 2 | G6: 2 | H6: 3 | I6: 2 | J6: 3 | L6: =PRODUCT(C6:J6) -> 144 | M6: =IF($J$6<>"",8,(IF($I$6<>"",7,(IF($H$6<>"",6,5))))) -> 8 | N6: =L6^(1/M6) -> 1.8612097 | O6: =N6/$N$14 -> 0.21856255 | P6: =ROUND(O6,3) -> 0.219 | Q6: =ROUND(O6/MAX($O$6:$O$13)*9,0) -> 9
A7: 2 | B7: ='3a-Attribute Rating(A)'!B7 -> 유지관리성 | C7: =1/D6 -> 1 | D7: 1 | E7: 2 | F7: 1 | G7: 2 | H7: 2 | I7: 1 | J7: 2 | L7: =PRODUCT(C7:J7) -> 16 | M7: =IF($J$6<>"",8,(IF($I$6<>"",7,(IF($H$6<>"",6,5))))) -> 8 | N7: =L7^(1/M7) -> 1.4142136 | O7: =N7/$N$14 -> 0.16607162 | P7: =ROUND(O7,3) -> 0.166 | Q7: =ROUND(O7/MAX($O$6:$O$13)*9,0) -> 7
A8: 3 | B8: ='3a-Attribute Rating(A)'!B8 -> 내구성 | C8: =1/E6 -> 0.5 | D8: =1/E7 -> 0.5 | E8: 1 | F8: 1 | G8: 1 | H8: 2 | I8: 1 | J8: 2 | L8: =PRODUCT(C8:J8) -> 1 | M8: =IF($J$6<>"",8,(IF($I$6<>"",7,(IF($H$6<>"",6,5))))) -> 8 | N8: =L8^(1/M8) -> 1 | O8: =N8/$N$14 -> 0.11743037 | P8: =ROUND(O8,3) -> 0.117 | Q8: =ROUND(O8/MAX($O$6:$O$13)*9,0) -> 5
A9: 4 | B9: ='3a-Attribute Rating(A)'!B9 -> 이용편의성 | C9: =1/F6 -> 0.5 | D9: =1/F7 -> 1 | E9: =1/F8 -> 1 | F9: 1 | G9: 1 | H9: 1 | I9: 1 | J9: 1 | L9: =PRODUCT(C9:J9) -> 0.5 | M9: =IF($J$6<>"",8,(IF($I$6<>"",7,(IF($H$6<>"",6,5))))) -> 8 | N9: =L9^(1/M9) -> 0.91700404 | O9: =N9/$N$14 -> 0.10768413 | P9: =ROUND(O9,3) -> 0.108 | Q9: =ROUND(O9/MAX($O$6:$O$13)*9,0) -> 4
A10: 5 | B10: ='3a-Attribute Rating(A)'!B10 -> 친환경성 | C10: =1/G6 -> 0.5 | D10: =1/G7 -> 0.5 | E10: =1/G8 -> 1 | F10: =1/G9 -> 1 | G10: 1 | H10: 2 | I10: 1 | J10: 2 | L10: =PRODUCT(C10:J10) -> 1 | M10: =IF($J$6<>"",8,(IF($I$6<>"",7,(IF($H$6<>"",6,5))))) -> 8 | N10: =L10^(1/M10) -> 1 | O10: =N10/$N$14 -> 0.11743037 | P10: =ROUND(O10,3) -> 0.117 | Q10: =ROUND(O10/MAX($O$6:$O$13)*9,0) -> 5
A11: 6 | B11: ='3a-Attribute Rating(A)'!B11 -> 배수성 | C11: =1/H6 -> 0.33333333 | D11: =1/H7 -> 0.5 | E11: =1/H8 -> 0.5 | F11: =1/H9 -> 1 | G11: =1/H10 -> 0.5 | H11: 1 | I11: =1/2 -> 0.5 | J11: 1 | L11: =PRODUCT(C11:J11) -> 0.020833333 | M11: =IF($J$6<>"",8,(IF($I$6<>"",7,(IF($H$6<>"",6,5))))) -> 8 | N11: =L11^(1/M11) -> 0.61637476 | O11: =N11/$N$14 -> 0.072381117 | P11: =ROUND(O11,3) -> 0.072 | Q11: =ROUND(O11/MAX($O$6:$O$13)*9,0) -> 3
A12: 7 | B12: ='3a-Attribute Rating(A)'!B12 -> 교통안전성 | C12: =1/I6 -> 0.5 | D12: =1/I7 -> 1 | E12: =1/I8 -> 1 | F12: =1/I9 -> 1 | G12: =1/I10 -> 1 | H12: =1/I11 -> 2 | I12: 1 | J12: 2 | L12: =PRODUCT(C12:J12) -> 2 | M12: =IF($J$6<>"",8,(IF($I$6<>"",7,(IF($H$6<>"",6,5))))) -> 8 | N12: =L12^(1/M12) -> 1.0905077 | O12: =N12/$N$14 -> 0.12805873 | P12: =ROUND(O12,3) -> 0.128 | Q12: =ROUND(O12/MAX($O$6:$O$13)*9,0) -> 5
A13: 8 | B13: ='3a-Attribute Rating(A)'!B13 -> 민원성 | C13: =1/J6 -> 0.33333333 | D13: =1/J7 -> 0.5 | E13: =1/J8 -> 0.5 | F13: =1/J9 -> 1 | G13: =1/J10 -> 0.5 | H13: =1/J11 -> 1 | I13: =1/J12 -> 0.5 | J13: 1 | L13: =PRODUCT(C13:J13) -> 0.020833333 | M13: =IF($J$6<>"",8,(IF($I$6<>"",7,(IF($H$6<>"",6,5))))) -> 8 | N13: =L13^(1/M13) -> 0.61637476 | O13: =N13/$N$14 -> 0.072381117 | P13: =ROUND(O13,3) -> 0.072 | Q13: =ROUND(O13/MAX($O$6:$O$13)*9,0) -> 3
A14: 열(Column)합 | C14: =SUM(C6:C13) -> 4.6666667 | D14: =SUM(D6:D13) -> 6 | E14: =SUM(E6:E13) -> 9 | F14: =SUM(F6:F13) -> 9 | G14: =SUM(G6:G13) -> 9 | H14: =SUM(H6:H13) -> 14 | I14: =SUM(I6:I13) -> 8 | J14: =SUM(J6:J13) -> 14 | L14: SUM | N14: =SUM(N6:N13) -> 8.5156846 | O14: =SUM(O6:O13) -> 1 | P14: =SUM(P6:P13) -> 0.999
A16: B. Confidence Index(CI)
A17: B-1. λmax = | C17: =MMULT(C14:J14,O6:O13) -> 8.1504332 | D17: ☜ Pairwise Comparison Matrices의 열합행렬(1행×8열)과 Priority Veoctor(8행×1열)의 행렬곱
A18: B-2. CI = | C18: =(C17-M6)/(M6-1) -> 0.021490456 | D18: ☜ CI = (λmax - N) / (N-1)
A19: B-3. CR = | C19: =C18/(HLOOKUP(M6,C20:J21,2,TRUE)) -> 0.015241458 | D19: ☜ CR = CI / RI | F19: =IF(C19<=0.1,"∴O.K","∴N.G") -> ∴O.K
B20: N | C20: 3 | D20: 4 | E20: 5 | F20: 6 | G20: 7 | H20: 8 | I20: 9 | J20: 10
B21: RI | C21: 0.58 | D21: 0.9 | E21: 1.12 | F21: 1.24 | G21: 1.32 | H21: 1.41 | I21: 1.45 | J21: 1.51

Sheet 3e-PCM#3
A1: PERFORMANCE ATTRIBUTE RATING(PCM#3)
A2: ='1a-Performance'!A2 -> VE Title : | C2: ='1a-Performance'!B2 -> 포장두께
A3: A. Pairwise Comparison Matrices | G3: (설문자 : 시공전문가)
A5: 평 가 항 목 | C5: 1 | D5: 2 | E5: 3 | F5: 4 | G5: 5 | H5: 6 | I5: 7 | J5: 8 | L5: 행곱 | M5: N | N5: Eigen Vector | O5: Priority Vector | P5: 확정치(%) | Q5: 절대값
A6: 1 | B6: ='3a-Attribute Rating(A)'!B6 -> 시공성 | C6: 1 | D6: 1 | E6: 2 | F6: 2 | G6: 2 | H6: 3 | I6: 2 | J6: 3 | L6: =PRODUCT(C6:J6) -> 144 | M6: =IF($J$6<>"",8,(IF($I$6<>"",7,(IF($H$6<>"",6,5))))) -> 8 | N6: =L6^(1/M6) -> 1.8612097 | O6: =N6/$N$14 -> 0.21856255 | P6: =ROUND(O6,3) -> 0.219 | Q6: =ROUND(O6/MAX($O$6:$O$13)*9,0) -> 9
A7: 2 | B7: ='3a-Attribute Rating(A)'!B7 -> 유지관리성 | C7: =1/D6 -> 1 | D7: 1 | E7: 2 | F7: 1 | G7: 2 | H7: 2 | I7: 1 | J7: 2 | L7: =PRODUCT(C7:J7) -> 16 | M7: =IF($J$6<>"",8,(IF($I$6<>"",7,(IF($H$6<>"",6,5))))) -> 8 | N7: =L7^(1/M7) -> 1.4142136 | O7: =N7/$N$14 -> 0.16607162 | P7: =ROUND(O7,3) -> 0.166 | Q7: =ROUND(O7/MAX($O$6:$O$13)*9,0) -> 7
A8: 3 | B8: ='3a-Attribute Rating(A)'!B8 -> 내구성 | C8: =1/E6 -> 0.5 | D8: =1/E7 -> 0.5 | E8: 1 | F8: 1 | G8: 1 | H8: 2 | I8: 1 | J8: 2 | L8: =PRODUCT(C8:J8) -> 1 | M8: =IF($J$6<>"",8,(IF($I$6<>"",7,(IF($H$6<>"",6,5))))) -> 8 | N8: =L8^(1/M8) -> 1 | O8: =N8/$N$14 -> 0.11743037 | P8: =ROUND(O8,3) -> 0.117 | Q8: =ROUND(O8/MAX($O$6:$O$13)*9,0) -> 5
A9: 4 | B9: ='3a-Attribute Rating(A)'!B9 -> 이용편의성 | C9: =1/F6 -> 0.5 | D9: =1/F7 -> 1 | E9: =1/F8 -> 1 | F9: 1 | G9: 1 | H9: 1 | I9: 1 | J9: 1 | L9: =PRODUCT(C9:J9) -> 0.5 | M9: =IF($J$6<>"",8,(IF($I$6<>"",7,(IF($H$6<>"",6,5))))) -> 8 | N9: =L9^(1/M9) -> 0.91700404 | O9: =N9/$N$14 -> 0.10768413 | P9: =ROUND(O9,3) -> 0.108 | Q9: =ROUND(O9/MAX($O$6:$O$13)*9,0) -> 4
A10: 5 | B10: ='3a-Attribute Rating(A)'!B10 -> 친환경성 | C10: =1/G6 -> 0.5 | D10: =1/G7 -> 0.5 | E10: =1/G8 -> 1 | F10: =1/G9 -> 1 | G10: 1 | H10: 2 | I10: 1 | J10: 2 | L10: =PRODUCT(C10:J10) -> 1 | M10: =IF($J$6<>"",8,(IF($I$6<>"",7,(IF($H$6<>"",6,5))))) -> 8 | N10: =L10^(1/M10) -> 1 | O10: =N10/$N$14 -> 0.11743037 | P10: =ROUND(O10,3) -> 0.117 | Q10: =ROUND(O10/MAX($O$6:$O$13)*9,0) -> 5
A11: 6 | B11: ='3a-Attribute Rating(A)'!B11 -> 배수성 | C11: =1/H6 -> 0.33333333 | D11: =1/H7 -> 0.5 | E11: =1/H8 -> 0.5 | F11: =1/H9 -> 1 | G11: =1/H10 -> 0.5 | H11: 1 | I11: =1/2 -> 0.5 | J11: 1 | L11: =PRODUCT(C11:J11) -> 0.020833333 | M11: =IF($J$6<>"",8,(IF($I$6<>"",7,(IF($H$6<>"",6,5))))) -> 8 | N11: =L11^(1/M11) -> 0.61637476 | O11: =N11/$N$14 -> 0.072381117 | P11: =ROUND(O11,3) -> 0.072 | Q11: =ROUND(O11/MAX($O$6:$O$13)*9,0) -> 3
A12: 7 | B12: ='3a-Attribute Rating(A)'!B12 -> 교통안전성 | C12: =1/I6 -> 0.5 | D12: =1/I7 -> 1 | E12: =1/I8 -> 1 | F12: =1/I9 -> 1 | G12: =1/I10 -> 1 | H12: =1/I11 -> 2 | I12: 1 | J12: 2 | L12: =PRODUCT(C12:J12) -> 2 | M12: =IF($J$6<>"",8,(IF($I$6<>"",7,(IF($H$6<>"",6,5))))) -> 8 | N12: =L12^(1/M12) -> 1.0905077 | O12: =N12/$N$14 -> 0.12805873 | P12: =ROUND(O12,3) -> 0.128 | Q12: =ROUND(O12/MAX($O$6:$O$13)*9,0) -> 5
A13: 8 | B13: ='3a-Attribute Rating(A)'!B13 -> 민원성 | C13: =1/J6 -> 0.33333333 | D13: =1/J7 -> 0.5 | E13: =1/J8 -> 0.5 | F13: =1/J9 -> 1 | G13: =1/J10 -> 0.5 | H13: =1/J11 -> 1 | I13: =1/J12 -> 0.5 | J13: 1 | L13: =PRODUCT(C13:J13) -> 0.020833333 | M13: =IF($J$6<>"",8,(IF($I$6<>"",7,(IF($H$6<>"",6,5))))) -> 8 | N13: =L13^(1/M13) -> 0.61637476 | O13: =N13/$N$14 -> 0.072381117 | P13: =ROUND(O13,3) -> 0.072 | Q13: =ROUND(O13/MAX($O$6:$O$13)*9,0) -> 3
A14: 열(Column)합 | C14: =SUM(C6:C13) -> 4.6666667 | D14: =SUM(D6:D13) -> 6 | E14: =SUM(E6:E13) -> 9 | F14: =SUM(F6:F13) -> 9 | G14: =SUM(G6:G13) -> 9 | H14: =SUM(H6:H13) -> 14 | I14: =SUM(I6:I13) -> 8 | J14: =SUM(J6:J13) -> 14 | L14: SUM | N14: =SUM(N6:N13) -> 8.5156846 | O14: =SUM(O6:O13) -> 1 | P14: =SUM(P6:P13) -> 0.999
A16: B. Confidence Index(CI)
A17: B-1. λmax = | C17: =MMULT(C14:J14,O6:O13) -> 8.1504332 | D17: ☜ Pairwise Comparison Matrices의 열합행렬(1행×8열)과 Priority Veoctor(8행×1열)의 행렬곱
A18: B-2. CI = | C18: =(C17-M6)/(M6-1) -> 0.021490456 | D18: ☜ CI = (λmax - N) / (N-1)
A19: B-3. CR = | C19: =C18/(HLOOKUP(M6,C20:J21,2,TRUE)) -> 0.015241458 | D19: ☜ CR = CI / RI | F19: =IF(C19<=0.1,"∴O.K","∴N.G") -> ∴O.K
B20: N | C20: 3 | D20: 4 | E20: 5 | F20: 6 | G20: 7 | H20: 8 | I20: 9 | J20: 10
B21: RI | C21: 0.58 | D21: 0.9 | E21: 1.12 | F21: 1.24 | G21: 1.32 | H21: 1.41 | I21: 1.45 | J21: 1.51

Sheet 3f-PCM#4
A1: PERFORMANCE ATTRIBUTE RATING(PCM#4)
A2: ='1a-Performance'!A2 -> VE Title : | C2: ='1a-Performance'!B2 -> 포장두께
A3: A. Pairwise Comparison Matrices | G3: (설문자 : 시공전문가)
A5: 평 가 항 목 | C5: 1 | D5: 2 | E5: 3 | F5: 4 | G5: 5 | H5: 6 | I5: 7 | J5: 8 | L5: 행곱 | M5: N | N5: Eigen Vector | O5: Priority Vector | P5: 확정치(%) | Q5: 절대값
A6: 1 | B6: ='3a-Attribute Rating(A)'!B6 -> 시공성 | C6: 1 | D6: 1 | E6: 2 | F6: 2 | G6: 2 | H6: 3 | I6: 2 | J6: 3 | L6: =PRODUCT(C6:J6) -> 144 | M6: =IF($J$6<>"",8,(IF($I$6<>"",7,(IF($H$6<>"",6,5))))) -> 8 | N6: =L6^(1/M6) -> 1.8612097 | O6: =N6/$N$14 -> 0.21856255 | P6: =ROUND(O6,3) -> 0.219 | Q6: =ROUND(O6/MAX($O$6:$O$13)*9,0) -> 9
A7: 2 | B7: ='3a-Attribute Rating(A)'!B7 -> 유지관리성 | C7: =1/D6 -> 1 | D7: 1 | E7: 2 | F7: 1 | G7: 2 | H7: 2 | I7: 1 | J7: 2 | L7: =PRODUCT(C7:J7) -> 16 | M7: =IF($J$6<>"",8,(IF($I$6<>"",7,(IF($H$6<>"",6,5))))) -> 8 | N7: =L7^(1/M7) -> 1.4142136 | O7: =N7/$N$14 -> 0.16607162 | P7: =ROUND(O7,3) -> 0.166 | Q7: =ROUND(O7/MAX($O$6:$O$13)*9,0) -> 7
A8: 3 | B8: ='3a-Attribute Rating(A)'!B8 -> 내구성 | C8: =1/E6 -> 0.5 | D8: =1/E7 -> 0.5 | E8: 1 | F8: 1 | G8: 1 | H8: 2 | I8: 1 | J8: 2 | L8: =PRODUCT(C8:J8) -> 1 | M8: =IF($J$6<>"",8,(IF($I$6<>"",7,(IF($H$6<>"",6,5))))) -> 8 | N8: =L8^(1/M8) -> 1 | O8: =N8/$N$14 -> 0.11743037 | P8: =ROUND(O8,3) -> 0.117 | Q8: =ROUND(O8/MAX($O$6:$O$13)*9,0) -> 5
A9: 4 | B9: ='3a-Attribute Rating(A)'!B9 -> 이용편의성 | C9: =1/F6 -> 0.5 | D9: =1/F7 -> 1 | E9: =1/F8 -> 1 | F9: 1 | G9: 1 | H9: 1 | I9: 1 | J9: 1 | L9: =PRODUCT(C9:J9) -> 0.5 | M9: =IF($J$6<>"",8,(IF($I$6<>"",7,(IF($H$6<>"",6,5))))) -> 8 | N9: =L9^(1/M9) -> 0.91700404 | O9: =N9/$N$14 -> 0.10768413 | P9: =ROUND(O9,3) -> 0.108 | Q9: =ROUND(O9/MAX($O$6:$O$13)*9,0) -> 4
A10: 5 | B10: ='3a-Attribute Rating(A)'!B10 -> 친환경성 | C10: =1/G6 -> 0.5 | D10: =1/G7 -> 0.5 | E10: =1/G8 -> 1 | F10: =1/G9 -> 1 | G10: 1 | H10: 2 | I10: 1 | J10: 2 | L10: =PRODUCT(C10:J10) -> 1 | M10: =IF($J$6<>"",8,(IF($I$6<>"",7,(IF($H$6<>"",6,5))))) -> 8 | N10: =L10^(1/M10) -> 1 | O10: =N10/$N$14 -> 0.11743037 | P10: =ROUND(O10,3) -> 0.117 | Q10: =ROUND(O10/MAX($O$6:$O$13)*9,0) -> 5
A11: 6 | B11: ='3a-Attribute Rating(A)'!B11 -> 배수성 | C11: =1/H6 -> 0.33333333 | D11: =1/H7 -> 0.5 | E11: =1/H8 -> 0.5 | F11: =1/H9 -> 1 | G11: =1/H10 -> 0.5 | H11: 1 | I11: =1/2 -> 0.5 | J11: 1 | L11: =PRODUCT(C11:J11) -> 0.020833333 | M11: =IF($J$6<>"",8,(IF($I$6<>"",7,(IF($H$6<>"",6,5))))) -> 8 | N11: =L11^(1/M11) -> 0.61637476 | O11: =N11/$N$14 -> 0.072381117 | P11: =ROUND(O11,3) -> 0.072 | Q11: =ROUND(O11/MAX($O$6:$O$13)*9,0) -> 3
A12: 7 | B12: ='3a-Attribute Rating(A)'!B12 -> 교통안전성 | C12: =1/I6 -> 0.5 | D12: =1/I7 -> 1 | E12: =1/I8 -> 1 | F12: =1/I9 -> 1 | G12: =1/I10 -> 1 | H12: =1/I11 -> 2 | I12: 1 | J12: 2 | L12: =PRODUCT(C12:J12) -> 2 | M12: =IF($J$6<>"",8,(IF($I$6<>"",7,(IF($H$6<>"",6,5))))) -> 8 | N12: =L12^(1/M12) -> 1.0905077 | O12: =N12/$N$14 -> 0.12805873 | P12: =ROUND(O12,3) -> 0.128 | Q12: =ROUND(O12/MAX($O$6:$O$13)*9,0) -> 5
A13: 8 | B13: ='3a-Attribute Rating(A)'!B13 -> 민원성 | C13: =1/J6 -> 0.33333333 | D13: =1/J7 -> 0.5 | E13: =1/J8 -> 0.5 | F13: =1/J9 -> 1 | G13: =1/J10 -> 0.5 | H13: =1/J11 -> 1 | I13: =1/J12 -> 0.5 | J13: 1 | L13: =PRODUCT(C13:J13) -> 0.020833333 | M13: =IF($J$6<>"",8,(IF($I$6<>"",7,(IF($H$6<>"",6,5))))) -> 8 | N13: =L13^(1/M13) -> 0.61637476 | O13: =N13/$N$14 -> 0.072381117 | P13: =ROUND(O13,3) -> 0.072 | Q13: =ROUND(O13/MAX($O$6:$O$13)*9,0) -> 3
A14: 열(Column)합 | C14: =SUM(C6:C13) -> 4.6666667 | D14: =SUM(D6:D13) -> 6 | E14: =SUM(E6:E13) -> 9 | F14: =SUM(F6:F13) -> 9 | G14: =SUM(G6:G13) -> 9 | H14: =SUM(H6:H13) -> 14 | I14: =SUM(I6:I13) -> 8 | J14: =SUM(J6:J13) -> 14 | L14: SUM | N14: =SUM(N6:N13) -> 8.5156846 | O14: =SUM(O6:O13) -> 1 | P14: =SUM(P6:P13) -> 0.999
A16: B. Confidence Index(CI)
A17: B-1. λmax = | C17: =MMULT(C14:J14,O6:O13) -> 8.1504332 | D17: ☜ Pairwise Comparison Matrices의 열합행렬(1행×8열)과 Priority Veoctor(8행×1열)의 행렬곱
A18: B-2. CI = | C18: =(C17-M6)/(M6-1) -> 0.021490456 | D18: ☜ CI = (λmax - N) / (N-1)
A19: B-3. CR = | C19: =C18/(HLOOKUP(M6,C20:J21,2,TRUE)) -> 0.015241458 | D19: ☜ CR = CI / RI | F19: =IF(C19<=0.1,"∴O.K","∴N.G") -> ∴O.K
B20: N | C20: 3 | D20: 4 | E20: 5 | F20: 6 | G20: 7 | H20: 8 | I20: 9 | J20: 10
B21: RI | C21: 0.58 | D21: 0.9 | E21: 1.12 | F21: 1.24 | G21: 1.32 | H21: 1.41 | I21: 1.45 | J21: 1.51

Sheet 3g-PCM#5
A1: PERFORMANCE ATTRIBUTE RATING(PCM#5)
A2: ='1a-Performance'!A2 -> VE Title : | C2: ='1a-Performance'!B2 -> 포장두께
A3: A. Pairwise Comparison Matrices | G3: (설문자 : 시공전문가)
A5: 평 가 항 목 | C5: 1 | D5: 2 | E5: 3 | F5: 4 | G5: 5 | H5: 6 | I5: 7 | J5: 8 | L5: 행곱 | M5: N | N5: Eigen Vector | O5: Priority Vector | P5: 확정치(%) | Q5: 절대값
A6: 1 | B6: ='3a-Attribute Rating(A)'!B6 -> 시공성 | C6: 1 | D6: 1 | E6: 2 | F6: 2 | G6: 2 | H6: 3 | I6: 2 | J6: 3 | L6: =PRODUCT(C6:J6) -> 144 | M6: =IF($J$6<>"",8,(IF($I$6<>"",7,(IF($H$6<>"",6,5))))) -> 8 | N6: =L6^(1/M6) -> 1.8612097 | O6: =N6/$N$14 -> 0.21856255 | P6: =ROUND(O6,3) -> 0.219 | Q6: =ROUND(O6/MAX($O$6:$O$13)*9,0) -> 9
A7: 2 | B7: ='3a-Attribute Rating(A)'!B7 -> 유지관리성 | C7: =1/D6 -> 1 | D7: 1 | E7: 2 | F7: 1 | G7: 2 | H7: 2 | I7: 1 | J7: 2 | L7: =PRODUCT(C7:J7) -> 16 | M7: =IF($J$6<>"",8,(IF($I$6<>"",7,(IF($H$6<>"",6,5))))) -> 8 | N7: =L7^(1/M7) -> 1.4142136 | O7: =N7/$N$14 -> 0.16607162 | P7: =ROUND(O7,3) -> 0.166 | Q7: =ROUND(O7/MAX($O$6:$O$13)*9,0) -> 7
A8: 3 | B8: ='3a-Attribute Rating(A)'!B8 -> 내구성 | C8: =1/E6 -> 0.5 | D8: =1/E7 -> 0.5 | E8: 1 | F8: 1 | G8: 1 | H8: 2 | I8: 1 | J8: 2 | L8: =PRODUCT(C8:J8) -> 1 | M8: =IF($J$6<>"",8,(IF($I$6<>"",7,(IF($H$6<>"",6,5))))) -> 8 | N8: =L8^(1/M8) -> 1 | O8: =N8/$N$14 -> 0.11743037 | P8: =ROUND(O8,3) -> 0.117 | Q8: =ROUND(O8/MAX($O$6:$O$13)*9,0) -> 5
A9: 4 | B9: ='3a-Attribute Rating(A)'!B9 -> 이용편의성 | C9: =1/F6 -> 0.5 | D9: =1/F7 -> 1 | E9: =1/F8 -> 1 | F9: 1 | G9: 1 | H9: 1 | I9: 1 | J9: 1 | L9: =PRODUCT(C9:J9) -> 0.5 | M9: =IF($J$6<>"",8,(IF($I$6<>"",7,(IF($H$6<>"",6,5))))) -> 8 | N9: =L9^(1/M9) -> 0.91700404 | O9: =N9/$N$14 -> 0.10768413 | P9: =ROUND(O9,3) -> 0.108 | Q9: =ROUND(O9/MAX($O$6:$O$13)*9,0) -> 4
A10: 5 | B10: ='3a-Attribute Rating(A)'!B10 -> 친환경성 | C10: =1/G6 -> 0.5 | D10: =1/G7 -> 0.5 | E10: =1/G8 -> 1 | F10: =1/G9 -> 1 | G10: 1 | H10: 2 | I10: 1 | J10: 2 | L10: =PRODUCT(C10:J10) -> 1 | M10: =IF($J$6<>"",8,(IF($I$6<>"",7,(IF($H$6<>"",6,5))))) -> 8 | N10: =L10^(1/M10) -> 1 | O10: =N10/$N$14 -> 0.11743037 | P10: =ROUND(O10,3) -> 0.117 | Q10: =ROUND(O10/MAX($O$6:$O$13)*9,0) -> 5
A11: 6 | B11: ='3a-Attribute Rating(A)'!B11 -> 배수성 | C11: =1/H6 -> 0.33333333 | D11: =1/H7 -> 0.5 | E11: =1/H8 -> 0.5 | F11: =1/H9 -> 1 | G11: =1/H10 -> 0.5 | H11: 1 | I11: =1/2 -> 0.5 | J11: 1 | L11: =PRODUCT(C11:J11) -> 0.020833333 | M11: =IF($J$6<>"",8,(IF($I$6<>"",7,(IF($H$6<>"",6,5))))) -> 8 | N11: =L11^(1/M11) -> 0.61637476 | O11: =N11/$N$14 -> 0.072381117 | P11: =ROUND(O11,3) -> 0.072 | Q11: =ROUND(O11/MAX($O$6:$O$13)*9,0) -> 3
A12: 7 | B12: ='3a-Attribute Rating(A)'!B12 -> 교통안전성 | C12: =1/I6 -> 0.5 | D12: =1/I7 -> 1 | E12: =1/I8 -> 1 | F12: =1/I9 -> 1 | G12: =1/I10 -> 1 | H12: =1/I11 -> 2 | I12: 1 | J12: 2 | L12: =PRODUCT(C12:J12) -> 2 | M12: =IF($J$6<>"",8,(IF($I$6<>"",7,(IF($H$6<>"",6,5))))) -> 8 | N12: =L12^(1/M12) -> 1.0905077 | O12: =N12/$N$14 -> 0.12805873 | P12: =ROUND(O12,3) -> 0.128 | Q12: =ROUND(O12/MAX($O$6:$O$13)*9,0) -> 5
A13: 8 | B13: ='3a-Attribute Rating(A)'!B13 -> 민원성 | C13: =1/J6 -> 0.33333333 | D13: =1/J7 -> 0.5 | E13: =1/J8 -> 0.5 | F13: =1/J9 -> 1 | G13: =1/J10 -> 0.5 | H13: =1/J11 -> 1 | I13: =1/J12 -> 0.5 | J13: 1 | L13: =PRODUCT(C13:J13) -> 0.020833333 | M13: =IF($J$6<>"",8,(IF($I$6<>"",7,(IF($H$6<>"",6,5))))) -> 8 | N13: =L13^(1/M13) -> 0.61637476 | O13: =N13/$N$14 -> 0.072381117 | P13: =ROUND(O13,3) -> 0.072 | Q13: =ROUND(O13/MAX($O$6:$O$13)*9,0) -> 3
A14: 열(Column)합 | C14: =SUM(C6:C13) -> 4.6666667 | D14: =SUM(D6:D13) -> 6 | E14: =SUM(E6:E13) -> 9 | F14: =SUM(F6:F13) -> 9 | G14: =SUM(G6:G13) -> 9 | H14: =SUM(H6:H13) -> 14 | I14: =SUM(I6:I13) -> 8 | J14: =SUM(J6:J13) -> 14 | L14: SUM | N14: =SUM(N6:N13) -> 8.5156846 | O14: =SUM(O6:O13) -> 1 | P14: =SUM(P6:P13) -> 0.999
A16: B. Confidence Index(CI)
A17: B-1. λmax = | C17: =MMULT(C14:J14,O6:O13) -> 8.1504332 | D17: ☜ Pairwise Comparison Matrices의 열합행렬(1행×8열)과 Priority Veoctor(8행×1열)의 행렬곱
A18: B-2. CI = | C18: =(C17-M6)/(M6-1) -> 0.021490456 | D18: ☜ CI = (λmax - N) / (N-1)
A19: B-3. CR = | C19: =C18/(HLOOKUP(M6,C20:J21,2,TRUE)) -> 0.015241458 | D19: ☜ CR = CI / RI | F19: =IF(C19<=0.1,"∴O.K","∴N.G") -> ∴O.K
B20: N | C20: 3 | D20: 4 | E20: 5 | F20: 6 | G20: 7 | H20: 8 | I20: 9 | J20: 10
B21: RI | C21: 0.58 | D21: 0.9 | E21: 1.12 | F21: 1.24 | G21: 1.32 | H21: 1.41 | I21: 1.45 | J21: 1.51

Sheet 3h-Qustionnaire
A1: 선호도 설문조사
A2: ='1a-Performance'!A2:B2 -> VE Title : | B2: ='1a-Performance'!B2 -> 포장두께
A3: 속성평가(Objective Evaluation)
A4: 속성(Objective) | B4: 절 대 | D4: 매 우 | F4: 상 당 | H4: 약 간 | J4: 동 등 | L4: 약 간 | N4: 상 당 | P4: 매 우 | R4: 절 대 | S4: 속성(Objective)
A5: ='1a-Performance'!A5 -> 시공성 | B5: ⑨ | C5: ⑧ | D5: ⑦ | E5: ⑥ | F5: ⑤ | G5: ④ | H5: ③ | I5: ② | J5: ① | K5: ② | L5: ③ | M5: ④ | N5: ⑤ | O5: ⑥ | P5: ⑦ | Q5: ⑧ | R5: ⑨ | S5: ='1a-Performance'!A6 -> 유지관리성
B6: ⑨ | C6: ⑧ | D6: ⑦ | E6: ⑥ | F6: ⑤ | G6: ④ | H6: ③ | I6: ② | J6: ① | K6: ② | L6: ③ | M6: ④ | N6: ⑤ | O6: ⑥ | P6: ⑦ | Q6: ⑧ | R6: ⑨ | S6: ='1a-Performance'!A7 -> 내구성
B7: ⑨ | C7: ⑧ | D7: ⑦ | E7: ⑥ | F7: ⑤ | G7: ④ | H7: ③ | I7: ② | J7: ① | K7: ② | L7: ③ | M7: ④ | N7: ⑤ | O7: ⑥ | P7: ⑦ | Q7: ⑧ | R7: ⑨ | S7: ='1a-Performance'!A8 -> 이용편의성
B8: ⑨ | C8: ⑧ | D8: ⑦ | E8: ⑥ | F8: ⑤ | G8: ④ | H8: ③ | I8: ② | J8: ① | K8: ② | L8: ③ | M8: ④ | N8: ⑤ | O8: ⑥ | P8: ⑦ | Q8: ⑧ | R8: ⑨ | S8: ='1a-Performance'!A9 -> 친환경성
B9: ⑨ | C9: ⑧ | D9: ⑦ | E9: ⑥ | F9: ⑤ | G9: ④ | H9: ③ | I9: ② | J9: ① | K9: ② | L9: ③ | M9: ④ | N9: ⑤ | O9: ⑥ | P9: ⑦ | Q9: ⑧ | R9: ⑨ | S9: ='1a-Performance'!A10 -> 배수성
B10: ⑨ | C10: ⑧ | D10: ⑦ | E10: ⑥ | F10: ⑤ | G10: ④ | H10: ③ | I10: ② | J10: ① | K10: ② | L10: ③ | M10: ④ | N10: ⑤ | O10: ⑥ | P10: ⑦ | Q10: ⑧ | R10: ⑨ | S10: ='1a-Performance'!A11 -> 교통안전성
B11: ⑨ | C11: ⑧ | D11: ⑦ | E11: ⑥ | F11: ⑤ | G11: ④ | H11: ③ | I11: ② | J11: ① | K11: ② | L11: ③ | M11: ④ | N11: ⑤ | O11: ⑥ | P11: ⑦ | Q11: ⑧ | R11: ⑨ | S11: ='1a-Performance'!A12 -> 민원성
A12: ='1a-Performance'!A6 -> 유지관리성 | B12: ⑨ | C12: ⑧ | D12: ⑦ | E12: ⑥ | F12: ⑤ | G12: ④ | H12: ③ | I12: ② | J12: ① | K12: ② | L12: ③ | M12: ④ | N12: ⑤ | O12: ⑥ | P12: ⑦ | Q12: ⑧ | R12: ⑨ | S12: ='1a-Performance'!A7 -> 내구성
B13: ⑨ | C13: ⑧ | D13: ⑦ | E13: ⑥ | F13: ⑤ | G13: ④ | H13: ③ | I13: ② | J13: ① | K13: ② | L13: ③ | M13: ④ | N13: ⑤ | O13: ⑥ | P13: ⑦ | Q13: ⑧ | R13: ⑨ | S13: ='1a-Performance'!A8 -> 이용편의성
B14: ⑨ | C14: ⑧ | D14: ⑦ | E14: ⑥ | F14: ⑤ | G14: ④ | H14: ③ | I14: ② | J14: ① | K14: ② | L14: ③ | M14: ④ | N14: ⑤ | O14: ⑥ | P14: ⑦ | Q14: ⑧ | R14: ⑨ | S14: ='1a-Performance'!A9 -> 친환경성
B15: ⑨ | C15: ⑧ | D15: ⑦ | E15: ⑥ | F15: ⑤ | G15: ④ | H15: ③ | I15: ② | J15: ① | K15: ② | L15: ③ | M15: ④ | N15: ⑤ | O15: ⑥ | P15: ⑦ | Q15: ⑧ | R15: ⑨ | S15: ='1a-Performance'!A10 -> 배수성
B16: ⑨ | C16: ⑧ | D16: ⑦ | E16: ⑥ | F16: ⑤ | G16: ④ | H16: ③ | I16: ② | J16: ① | K16: ② | L16: ③ | M16: ④ | N16: ⑤ | O16: ⑥ | P16: ⑦ | Q16: ⑧ | R16: ⑨ | S16: ='1a-Performance'!A11 -> 교통안전성
B17: ⑨ | C17: ⑧ | D17: ⑦ | E17: ⑥ | F17: ⑤ | G17: ④ | H17: ③ | I17: ② | J17: ① | K17: ② | L17: ③ | M17: ④ | N17: ⑤ | O17: ⑥ | P17: ⑦ | Q17: ⑧ | R17: ⑨ | S17: ='1a-Performance'!A12 -> 민원성
A18: ='1a-Performance'!A7 -> 내구성 | B18: ⑨ | C18: ⑧ | D18: ⑦ | E18: ⑥ | F18: ⑤ | G18: ④ | H18: ③ | I18: ② | J18: ① | K18: ② | L18: ③ | M18: ④ | N18: ⑤ | O18: ⑥ | P18: ⑦ | Q18: ⑧ | R18: ⑨ | S18: ='1a-Performance'!A8 -> 이용편의성
B19: ⑨ | C19: ⑧ | D19: ⑦ | E19: ⑥ | F19: ⑤ | G19: ④ | H19: ③ | I19: ② | J19: ① | K19: ② | L19: ③ | M19: ④ | N19: ⑤ | O19: ⑥ | P19: ⑦ | Q19: ⑧ | R19: ⑨ | S19: ='1a-Performance'!A9 -> 친환경성
B20: ⑨ | C20: ⑧ | D20: ⑦ | E20: ⑥ | F20: ⑤ | G20: ④ | H20: ③ | I20: ② | J20: ① | K20: ② | L20: ③ | M20: ④ | N20: ⑤ | O20: ⑥ | P20: ⑦ | Q20: ⑧ | R20: ⑨ | S20: ='1a-Performance'!A10 -> 배수성
B21: ⑨ | C21: ⑧ | D21: ⑦ | E21: ⑥ | F21: ⑤ | G21: ④ | H21: ③ | I21: ② | J21: ① | K21: ② | L21: ③ | M21: ④ | N21: ⑤ | O21: ⑥ | P21: ⑦ | Q21: ⑧ | R21: ⑨ | S21: ='1a-Performance'!A11 -> 교통안전성
B22: ⑨ | C22: ⑧ | D22: ⑦ | E22: ⑥ | F22: ⑤ | G22: ④ | H22: ③ | I22: ② | J22: ① | K22: ② | L22: ③ | M22: ④ | N22: ⑤ | O22: ⑥ | P22: ⑦ | Q22: ⑧ | R22: ⑨ | S22: ='1a-Performance'!A12 -> 민원성
A23: ='1a-Performance'!A8 -> 이용편의성 | B23: ⑨ | C23: ⑧ | D23: ⑦ | E23: ⑥ | F23: ⑤ | G23: ④ | H23: ③ | I23: ② | J23: ① | K23: ② | L23: ③ | M23: ④ | N23: ⑤ | O23: ⑥ | P23: ⑦ | Q23: ⑧ | R23: ⑨ | S23: ='1a-Performance'!A9 -> 친환경성
B24: ⑨ | C24: ⑧ | D24: ⑦ | E24: ⑥ | F24: ⑤ | G24: ④ | H24: ③ | I24: ② | J24: ① | K24: ② | L24: ③ | M24: ④ | N24: ⑤ | O24: ⑥ | P24: ⑦ | Q24: ⑧ | R24: ⑨ | S24: ='1a-Performance'!A10 -> 배수성
B25: ⑨ | C25: ⑧ | D25: ⑦ | E25: ⑥ | F25: ⑤ | G25: ④ | H25: ③ | I25: ② | J25: ① | K25: ② | L25: ③ | M25: ④ | N25: ⑤ | O25: ⑥ | P25: ⑦ | Q25: ⑧ | R25: ⑨ | S25: ='1a-Performance'!A11 -> 교통안전성
B26: ⑨ | C26: ⑧ | D26: ⑦ | E26: ⑥ | F26: ⑤ | G26: ④ | H26: ③ | I26: ② | J26: ① | K26: ② | L26: ③ | M26: ④ | N26: ⑤ | O26: ⑥ | P26: ⑦ | Q26: ⑧ | R26: ⑨ | S26: ='1a-Performance'!A12 -> 민원성
A27: ='1a-Performance'!A9 -> 친환경성 | B27: ⑨ | C27: ⑧ | D27: ⑦ | E27: ⑥ | F27: ⑤ | G27: ④ | H27: ③ | I27: ② | J27: ① | K27: ② | L27: ③ | M27: ④ | N27: ⑤ | O27: ⑥ | P27: ⑦ | Q27: ⑧ | R27: ⑨ | S27: ='1a-Performance'!A10 -> 배수성
B28: ⑨ | C28: ⑧ | D28: ⑦ | E28: ⑥ | F28: ⑤ | G28: ④ | H28: ③ | I28: ② | J28: ① | K28: ② | L28: ③ | M28: ④ | N28: ⑤ | O28: ⑥ | P28: ⑦ | Q28: ⑧ | R28: ⑨ | S28: ='1a-Performance'!A11 -> 교통안전성
B29: ⑨ | C29: ⑧ | D29: ⑦ | E29: ⑥ | F29: ⑤ | G29: ④ | H29: ③ | I29: ② | J29: ① | K29: ② | L29: ③ | M29: ④ | N29: ⑤ | O29: ⑥ | P29: ⑦ | Q29: ⑧ | R29: ⑨ | S29: ='1a-Performance'!A12 -> 민원성
A30: ='1a-Performance'!A10 -> 배수성 | B30: ⑨ | C30: ⑧ | D30: ⑦ | E30: ⑥ | F30: ⑤ | G30: ④ | H30: ③ | I30: ② | J30: ① | K30: ② | L30: ③ | M30: ④ | N30: ⑤ | O30: ⑥ | P30: ⑦ | Q30: ⑧ | R30: ⑨ | S30: ='1a-Performance'!A11 -> 교통안전성
B31: ⑨ | C31: ⑧ | D31: ⑦ | E31: ⑥ | F31: ⑤ | G31: ④ | H31: ③ | I31: ② | J31: ① | K31: ② | L31: ③ | M31: ④ | N31: ⑤ | O31: ⑥ | P31: ⑦ | Q31: ⑧ | R31: ⑨ | S31: ='1a-Performance'!A12 -> 민원성
A32: ='1a-Performance'!A11 -> 교통안전성 | B32: ⑨ | C32: ⑧ | D32: ⑦ | E32: ⑥ | F32: ⑤ | G32: ④ | H32: ③ | I32: ② | J32: ① | K32: ② | L32: ③ | M32: ④ | N32: ⑤ | O32: ⑥ | P32: ⑦ | Q32: ⑧ | R32: ⑨ | S32: ='1a-Performance'!A12 -> 민원성
I34: ='1b-Sub-Performance'!B3 -> 시공성 | J34: 에 | K34: 따른 하위속성 평가
A35: 속성(Objective) | B35: 절 대 | D35: 매 우 | F35: 상 당 | H35: 약 간 | J35: 동 등 | L35: 약 간 | N35: 상 당 | P35: 매 우 | R35: 절 대 | S35: 속성(Objective)
A36: ='1b-Sub-Performance'!A5 -> 0 | B36: ⑨ | C36: ⑧ | D36: ⑦ | E36: ⑥ | F36: ⑤ | G36: ④ | H36: ③ | I36: ② | J36: ① | K36: ② | L36: ③ | M36: ④ | N36: ⑤ | O36: ⑥ | P36: ⑦ | Q36: ⑧ | R36: ⑨ | S36: ='1b-Sub-Performance'!A6 -> 0
B37: ⑨ | C37: ⑧ | D37: ⑦ | E37: ⑥ | F37: ⑤ | G37: ④ | H37: ③ | I37: ② | J37: ① | K37: ② | L37: ③ | M37: ④ | N37: ⑤ | O37: ⑥ | P37: ⑦ | Q37: ⑧ | R37: ⑨ | S37: ='1b-Sub-Performance'!A7 -> 0
B38: ⑨ | C38: ⑧ | D38: ⑦ | E38: ⑥ | F38: ⑤ | G38: ④ | H38: ③ | I38: ② | J38: ① | K38: ② | L38: ③ | M38: ④ | N38: ⑤ | O38: ⑥ | P38: ⑦ | Q38: ⑧ | R38: ⑨ | S38: ='1b-Sub-Performance'!#REF! -> #REF!
B39: ⑨ | C39: ⑧ | D39: ⑦ | E39: ⑥ | F39: ⑤ | G39: ④ | H39: ③ | I39: ② | J39: ① | K39: ② | L39: ③ | M39: ④ | N39: ⑤ | O39: ⑥ | P39: ⑦ | Q39: ⑧ | R39: ⑨ | S39: ='1b-Sub-Performance'!A8 -> 0
A40: ='1b-Sub-Performance'!A6 -> 0 | B40: ⑨ | C40: ⑧ | D40: ⑦ | E40: ⑥ | F40: ⑤ | G40: ④ | H40: ③ | I40: ② | J40: ① | K40: ② | L40: ③ | M40: ④ | N40: ⑤ | O40: ⑥ | P40: ⑦ | Q40: ⑧ | R40: ⑨ | S40: ='1b-Sub-Performance'!A7 -> 0
B41: ⑨ | C41: ⑧ | D41: ⑦ | E41: ⑥ | F41: ⑤ | G41: ④ | H41: ③ | I41: ② | J41: ① | K41: ② | L41: ③ | M41: ④ | N41: ⑤ | O41: ⑥ | P41: ⑦ | Q41: ⑧ | R41: ⑨ | S41: ='1b-Sub-Performance'!#REF! -> #REF!
B42: ⑨ | C42: ⑧ | D42: ⑦ | E42: ⑥ | F42: ⑤ | G42: ④ | H42: ③ | I42: ② | J42: ① | K42: ② | L42: ③ | M42: ④ | N42: ⑤ | O42: ⑥ | P42: ⑦ | Q42: ⑧ | R42: ⑨ | S42: ='1b-Sub-Performance'!A8 -> 0
A43: ='1b-Sub-Performance'!A7 -> 0 | B43: ⑨ | C43: ⑧ | D43: ⑦ | E43: ⑥ | F43: ⑤ | G43: ④ | H43: ③ | I43: ② | J43: ① | K43: ② | L43: ③ | M43: ④ | N43: ⑤ | O43: ⑥ | P43: ⑦ | Q43: ⑧ | R43: ⑨ | S43: ='1b-Sub-Performance'!#REF! -> #REF!
B44: ⑨ | C44: ⑧ | D44: ⑦ | E44: ⑥ | F44: ⑤ | G44: ④ | H44: ③ | I44: ② | J44: ① | K44: ② | L44: ③ | M44: ④ | N44: ⑤ | O44: ⑥ | P44: ⑦ | Q44: ⑧ | R44: ⑨ | S44: ='1b-Sub-Performance'!A8 -> 0
A45: ='1b-Sub-Performance'!#REF! -> #REF! | B45: ⑨ | C45: ⑧ | D45: ⑦ | E45: ⑥ | F45: ⑤ | G45: ④ | H45: ③ | I45: ② | J45: ① | K45: ② | L45: ③ | M45: ④ | N45: ⑤ | O45: ⑥ | P45: ⑦ | Q45: ⑧ | R45: ⑨ | S45: ='1b-Sub-Performance'!A8 -> 0
I47: ='1b-Sub-Performance'!B9 -> 유지관리성 | J47: 에 | K47: 따른 하위속성 평가
A48: 속성(Objective) | B48: 절 대 | D48: 매 우 | F48: 상 당 | H48: 약 간 | J48: 동 등 | L48: 약 간 | N48: 상 당 | P48: 매 우 | R48: 절 대 | S48: 속성(Objective)
A49: ='1b-Sub-Performance'!A11 -> 0 | B49: ⑨ | C49: ⑧ | D49: ⑦ | E49: ⑥ | F49: ⑤ | G49: ④ | H49: ③ | I49: ② | J49: ① | K49: ② | L49: ③ | M49: ④ | N49: ⑤ | O49: ⑥ | P49: ⑦ | Q49: ⑧ | R49: ⑨ | S49: ='1b-Sub-Performance'!A12 -> 0
B50: ⑨ | C50: ⑧ | D50: ⑦ | E50: ⑥ | F50: ⑤ | G50: ④ | H50: ③ | I50: ② | J50: ① | K50: ② | L50: ③ | M50: ④ | N50: ⑤ | O50: ⑥ | P50: ⑦ | Q50: ⑧ | R50: ⑨ | S50: ='1b-Sub-Performance'!#REF! -> #REF!
B51: ⑨ | C51: ⑧ | D51: ⑦ | E51: ⑥ | F51: ⑤ | G51: ④ | H51: ③ | I51: ② | J51: ① | K51: ② | L51: ③ | M51: ④ | N51: ⑤ | O51: ⑥ | P51: ⑦ | Q51: ⑧ | R51: ⑨ | S51: ='1b-Sub-Performance'!A13 -> 0
B52: ⑨ | C52: ⑧ | D52: ⑦ | E52: ⑥ | F52: ⑤ | G52: ④ | H52: ③ | I52: ② | J52: ① | K52: ② | L52: ③ | M52: ④ | N52: ⑤ | O52: ⑥ | P52: ⑦ | Q52: ⑧ | R52: ⑨ | S52: ='1b-Sub-Performance'!A14 -> 0
A53: ='1b-Sub-Performance'!A12 -> 0 | B53: ⑨ | C53: ⑧ | D53: ⑦ | E53: ⑥ | F53: ⑤ | G53: ④ | H53: ③ | I53: ② | J53: ① | K53: ② | L53: ③ | M53: ④ | N53: ⑤ | O53: ⑥ | P53: ⑦ | Q53: ⑧ | R53: ⑨ | S53: ='1b-Sub-Performance'!#REF! -> #REF!
B54: ⑨ | C54: ⑧ | D54: ⑦ | E54: ⑥ | F54: ⑤ | G54: ④ | H54: ③ | I54: ② | J54: ① | K54: ② | L54: ③ | M54: ④ | N54: ⑤ | O54: ⑥ | P54: ⑦ | Q54: ⑧ | R54: ⑨ | S54: ='1b-Sub-Performance'!A13 -> 0
B55: ⑨ | C55: ⑧ | D55: ⑦ | E55: ⑥ | F55: ⑤ | G55: ④ | H55: ③ | I55: ② | J55: ① | K55: ② | L55: ③ | M55: ④ | N55: ⑤ | O55: ⑥ | P55: ⑦ | Q55: ⑧ | R55: ⑨ | S55: ='1b-Sub-Performance'!A14 -> 0
A56: ='1b-Sub-Performance'!#REF! -> #REF! | B56: ⑨ | C56: ⑧ | D56: ⑦ | E56: ⑥ | F56: ⑤ | G56: ④ | H56: ③ | I56: ② | J56: ① | K56: ② | L56: ③ | M56: ④ | N56: ⑤ | O56: ⑥ | P56: ⑦ | Q56: ⑧ | R56: ⑨ | S56: ='1b-Sub-Performance'!A13 -> 0
B57: ⑨ | C57: ⑧ | D57: ⑦ | E57: ⑥ | F57: ⑤ | G57: ④ | H57: ③ | I57: ② | J57: ① | K57: ② | L57: ③ | M57: ④ | N57: ⑤ | O57: ⑥ | P57: ⑦ | Q57: ⑧ | R57: ⑨ | S57: ='1b-Sub-Performance'!A14 -> 0
A58: ='1b-Sub-Performance'!A13 -> 0 | B58: ⑨ | C58: ⑧ | D58: ⑦ | E58: ⑥ | F58: ⑤ | G58: ④ | H58: ③ | I58: ② | J58: ① | K58: ② | L58: ③ | M58: ④ | N58: ⑤ | O58: ⑥ | P58: ⑦ | Q58: ⑧ | R58: ⑨ | S58: ='1b-Sub-Performance'!A14 -> 0
I60: ='1b-Sub-Performance'!B15 -> 내구성 | J60: 에 | K60: 따른 하위속성 평가
A61: 속성(Objective) | B61: 절 대 | D61: 매 우 | F61: 상 당 | H61: 약 간 | J61: 동 등 | L61: 약 간 | N61: 상 당 | P61: 매 우 | R61: 절 대 | S61: 속성(Objective)
A62: ='1b-Sub-Performance'!A17 -> 0 | B62: ⑨ | C62: ⑧ | D62: ⑦ | E62: ⑥ | F62: ⑤ | G62: ④ | H62: ③ | I62: ② | J62: ① | K62: ② | L62: ③ | M62: ④ | N62: ⑤ | O62: ⑥ | P62: ⑦ | Q62: ⑧ | R62: ⑨ | S62: ='1b-Sub-Performance'!A18 -> 0
B63: ⑨ | C63: ⑧ | D63: ⑦ | E63: ⑥ | F63: ⑤ | G63: ④ | H63: ③ | I63: ② | J63: ① | K63: ② | L63: ③ | M63: ④ | N63: ⑤ | O63: ⑥ | P63: ⑦ | Q63: ⑧ | R63: ⑨ | S63: ='1b-Sub-Performance'!#REF! -> #REF!
B64: ⑨ | C64: ⑧ | D64: ⑦ | E64: ⑥ | F64: ⑤ | G64: ④ | H64: ③ | I64: ② | J64: ① | K64: ② | L64: ③ | M64: ④ | N64: ⑤ | O64: ⑥ | P64: ⑦ | Q64: ⑧ | R64: ⑨ | S64: ='1b-Sub-Performance'!A19 -> 0
B65: ⑨ | C65: ⑧ | D65: ⑦ | E65: ⑥ | F65: ⑤ | G65: ④ | H65: ③ | I65: ② | J65: ① | K65: ② | L65: ③ | M65: ④ | N65: ⑤ | O65: ⑥ | P65: ⑦ | Q65: ⑧ | R65: ⑨ | S65: ='1b-Sub-Performance'!A20 -> 0
A66: ='1b-Sub-Performance'!A18 -> 0 | B66: ⑨ | C66: ⑧ | D66: ⑦ | E66: ⑥ | F66: ⑤ | G66: ④ | H66: ③ | I66: ② | J66: ① | K66: ② | L66: ③ | M66: ④ | N66: ⑤ | O66: ⑥ | P66: ⑦ | Q66: ⑧ | R66: ⑨ | S66: ='1b-Sub-Performance'!#REF! -> #REF!
B67: ⑨ | C67: ⑧ | D67: ⑦ | E67: ⑥ | F67: ⑤ | G67: ④ | H67: ③ | I67: ② | J67: ① | K67: ② | L67: ③ | M67: ④ | N67: ⑤ | O67: ⑥ | P67: ⑦ | Q67: ⑧ | R67: ⑨ | S67: ='1b-Sub-Performance'!A19 -> 0
B68: ⑨ | C68: ⑧ | D68: ⑦ | E68: ⑥ | F68: ⑤ | G68: ④ | H68: ③ | I68: ② | J68: ① | K68: ② | L68: ③ | M68: ④ | N68: ⑤ | O68: ⑥ | P68: ⑦ | Q68: ⑧ | R68: ⑨ | S68: ='1b-Sub-Performance'!A20 -> 0
A69: ='1b-Sub-Performance'!#REF! -> #REF! | B69: ⑨ | C69: ⑧ | D69: ⑦ | E69: ⑥ | F69: ⑤ | G69: ④ | H69: ③ | I69: ② | J69: ① | K69: ② | L69: ③ | M69: ④ | N69: ⑤ | O69: ⑥ | P69: ⑦ | Q69: ⑧ | R69: ⑨ | S69: ='1b-Sub-Performance'!A19 -> 0
B70: ⑨ | C70: ⑧ | D70: ⑦ | E70: ⑥ | F70: ⑤ | G70: ④ | H70: ③ | I70: ② | J70: ① | K70: ② | L70: ③ | M70: ④ | N70: ⑤ | O70: ⑥ | P70: ⑦ | Q70: ⑧ | R70: ⑨ | S70: ='1b-Sub-Performance'!A20 -> 0
A71: ='1b-Sub-Performance'!A19 -> 0 | B71: ⑨ | C71: ⑧ | D71: ⑦ | E71: ⑥ | F71: ⑤ | G71: ④ | H71: ③ | I71: ② | J71: ① | K71: ② | L71: ③ | M71: ④ | N71: ⑤ | O71: ⑥ | P71: ⑦ | Q71: ⑧ | R71: ⑨ | S71: ='1b-Sub-Performance'!A20 -> 0
I73: ='1b-Sub-Performance'!B21 -> 이용편의성 | J73: 에 | K73: 따른 하위속성 평가
A74: 속성(Objective) | B74: 절 대 | D74: 매 우 | F74: 상 당 | H74: 약 간 | J74: 동 등 | L74: 약 간 | N74: 상 당 | P74: 매 우 | R74: 절 대 | S74: 속성(Objective)
A75: ='1b-Sub-Performance'!A23 -> 0 | B75: ⑨ | C75: ⑧ | D75: ⑦ | E75: ⑥ | F75: ⑤ | G75: ④ | H75: ③ | I75: ② | J75: ① | K75: ② | L75: ③ | M75: ④ | N75: ⑤ | O75: ⑥ | P75: ⑦ | Q75: ⑧ | R75: ⑨ | S75: ='1b-Sub-Performance'!A24 -> 0
B76: ⑨ | C76: ⑧ | D76: ⑦ | E76: ⑥ | F76: ⑤ | G76: ④ | H76: ③ | I76: ② | J76: ① | K76: ② | L76: ③ | M76: ④ | N76: ⑤ | O76: ⑥ | P76: ⑦ | Q76: ⑧ | R76: ⑨ | S76: ='1b-Sub-Performance'!A25 -> 0
B77: ⑨ | C77: ⑧ | D77: ⑦ | E77: ⑥ | F77: ⑤ | G77: ④ | H77: ③ | I77: ② | J77: ① | K77: ② | L77: ③ | M77: ④ | N77: ⑤ | O77: ⑥ | P77: ⑦ | Q77: ⑧ | R77: ⑨ | S77: ='1b-Sub-Performance'!#REF! -> #REF!
B78: ⑨ | C78: ⑧ | D78: ⑦ | E78: ⑥ | F78: ⑤ | G78: ④ | H78: ③ | I78: ② | J78: ① | K78: ② | L78: ③ | M78: ④ | N78: ⑤ | O78: ⑥ | P78: ⑦ | Q78: ⑧ | R78: ⑨ | S78: ='1b-Sub-Performance'!A26 -> 0
A79: ='1b-Sub-Performance'!A24 -> 0 | B79: ⑨ | C79: ⑧ | D79: ⑦ | E79: ⑥ | F79: ⑤ | G79: ④ | H79: ③ | I79: ② | J79: ① | K79: ② | L79: ③ | M79: ④ | N79: ⑤ | O79: ⑥ | P79: ⑦ | Q79: ⑧ | R79: ⑨ | S79: ='1b-Sub-Performance'!A25 -> 0
B80: ⑨ | C80: ⑧ | D80: ⑦ | E80: ⑥ | F80: ⑤ | G80: ④ | H80: ③ | I80: ② | J80: ① | K80: ② | L80: ③ | M80: ④ | N80: ⑤ | O80: ⑥ | P80: ⑦ | Q80: ⑧ | R80: ⑨ | S80: ='1b-Sub-Performance'!#REF! -> #REF!
B81: ⑨ | C81: ⑧ | D81: ⑦ | E81: ⑥ | F81: ⑤ | G81: ④ | H81: ③ | I81: ② | J81: ① | K81: ② | L81: ③ | M81: ④ | N81: ⑤ | O81: ⑥ | P81: ⑦ | Q81: ⑧ | R81: ⑨ | S81: ='1b-Sub-Performance'!A26 -> 0
A82: ='1b-Sub-Performance'!A25 -> 0 | B82: ⑨ | C82: ⑧ | D82: ⑦ | E82: ⑥ | F82: ⑤ | G82: ④ | H82: ③ | I82: ② | J82: ① | K82: ② | L82: ③ | M82: ④ | N82: ⑤ | O82: ⑥ | P82: ⑦ | Q82: ⑧ | R82: ⑨ | S82: ='1b-Sub-Performance'!#REF! -> #REF!
B83: ⑨ | C83: ⑧ | D83: ⑦ | E83: ⑥ | F83: ⑤ | G83: ④ | H83: ③ | I83: ② | J83: ① | K83: ② | L83: ③ | M83: ④ | N83: ⑤ | O83: ⑥ | P83: ⑦ | Q83: ⑧ | R83: ⑨ | S83: ='1b-Sub-Performance'!A26 -> 0
A84: ='1b-Sub-Performance'!#REF! -> #REF! | B84: ⑨ | C84: ⑧ | D84: ⑦ | E84: ⑥ | F84: ⑤ | G84: ④ | H84: ③ | I84: ② | J84: ① | K84: ② | L84: ③ | M84: ④ | N84: ⑤ | O84: ⑥ | P84: ⑦ | Q84: ⑧ | R84: ⑨ | S84: ='1b-Sub-Performance'!A26 -> 0
I86: ='1b-Sub-Performance'!B27 -> 친환경성 | J86: 에 | K86: 따른 하위속성 평가
A87: 속성(Objective) | B87: 절 대 | D87: 매 우 | F87: 상 당 | H87: 약 간 | J87: 동 등 | L87: 약 간 | N87: 상 당 | P87: 매 우 | R87: 절 대 | S87: 속성(Objective)
A88: ='1b-Sub-Performance'!A29 -> 0 | B88: ⑨ | C88: ⑧ | D88: ⑦ | E88: ⑥ | F88: ⑤ | G88: ④ | H88: ③ | I88: ② | J88: ① | K88: ② | L88: ③ | M88: ④ | N88: ⑤ | O88: ⑥ | P88: ⑦ | Q88: ⑧ | R88: ⑨ | S88: ='1b-Sub-Performance'!A30 -> 0
B89: ⑨ | C89: ⑧ | D89: ⑦ | E89: ⑥ | F89: ⑤ | G89: ④ | H89: ③ | I89: ② | J89: ① | K89: ② | L89: ③ | M89: ④ | N89: ⑤ | O89: ⑥ | P89: ⑦ | Q89: ⑧ | R89: ⑨ | S89: ='1b-Sub-Performance'!#REF! -> #REF!
B90: ⑨ | C90: ⑧ | D90: ⑦ | E90: ⑥ | F90: ⑤ | G90: ④ | H90: ③ | I90: ② | J90: ① | K90: ② | L90: ③ | M90: ④ | N90: ⑤ | O90: ⑥ | P90: ⑦ | Q90: ⑧ | R90: ⑨ | S90: ='1b-Sub-Performance'!A31 -> 0
B91: ⑨ | C91: ⑧ | D91: ⑦ | E91: ⑥ | F91: ⑤ | G91: ④ | H91: ③ | I91: ② | J91: ① | K91: ② | L91: ③ | M91: ④ | N91: ⑤ | O91: ⑥ | P91: ⑦ | Q91: ⑧ | R91: ⑨ | S91: ='1b-Sub-Performance'!A32 -> 0
A92: ='1b-Sub-Performance'!A30 -> 0 | B92: ⑨ | C92: ⑧ | D92: ⑦ | E92: ⑥ | F92: ⑤ | G92: ④ | H92: ③ | I92: ② | J92: ① | K92: ② | L92: ③ | M92: ④ | N92: ⑤ | O92: ⑥ | P92: ⑦ | Q92: ⑧ | R92: ⑨ | S92: ='1b-Sub-Performance'!#REF! -> #REF!
B93: ⑨ | C93: ⑧ | D93: ⑦ | E93: ⑥ | F93: ⑤ | G93: ④ | H93: ③ | I93: ② | J93: ① | K93: ② | L93: ③ | M93: ④ | N93: ⑤ | O93: ⑥ | P93: ⑦ | Q93: ⑧ | R93: ⑨ | S93: ='1b-Sub-Performance'!A31 -> 0
B94: ⑨ | C94: ⑧ | D94: ⑦ | E94: ⑥ | F94: ⑤ | G94: ④ | H94: ③ | I94: ② | J94: ① | K94: ② | L94: ③ | M94: ④ | N94: ⑤ | O94: ⑥ | P94: ⑦ | Q94: ⑧ | R94: ⑨ | S94: ='1b-Sub-Performance'!A32 -> 0
A95: ='1b-Sub-Performance'!#REF! -> #REF! | B95: ⑨ | C95: ⑧ | D95: ⑦ | E95: ⑥ | F95: ⑤ | G95: ④ | H95: ③ | I95: ② | J95: ① | K95: ② | L95: ③ | M95: ④ | N95: ⑤ | O95: ⑥ | P95: ⑦ | Q95: ⑧ | R95: ⑨ | S95: ='1b-Sub-Performance'!A31 -> 0
B96: ⑨ | C96: ⑧ | D96: ⑦ | E96: ⑥ | F96: ⑤ | G96: ④ | H96: ③ | I96: ② | J96: ① | K96: ② | L96: ③ | M96: ④ | N96: ⑤ | O96: ⑥ | P96: ⑦ | Q96: ⑧ | R96: ⑨ | S96: ='1b-Sub-Performance'!A32 -> 0
A97: ='1b-Sub-Performance'!A31 -> 0 | B97: ⑨ | C97: ⑧ | D97: ⑦ | E97: ⑥ | F97: ⑤ | G97: ④ | H97: ③ | I97: ② | J97: ① | K97: ② | L97: ③ | M97: ④ | N97: ⑤ | O97: ⑥ | P97: ⑦ | Q97: ⑧ | R97: ⑨ | S97: ='1b-Sub-Performance'!A32 -> 0
I99: ='1b-Sub-Performance'!B33 -> 배수성 | J99: 에 | K99: 따른 하위속성 평가
A100: 속성(Objective) | B100: 절 대 | D100: 매 우 | F100: 상 당 | H100: 약 간 | J100: 동 등 | L100: 약 간 | N100: 상 당 | P100: 매 우 | R100: 절 대 | S100: 속성(Objective)
A101: ='1b-Sub-Performance'!A35 -> 0 | B101: ⑨ | C101: ⑧ | D101: ⑦ | E101: ⑥ | F101: ⑤ | G101: ④ | H101: ③ | I101: ② | J101: ① | K101: ② | L101: ③ | M101: ④ | N101: ⑤ | O101: ⑥ | P101: ⑦ | Q101: ⑧ | R101: ⑨ | S101: ='1b-Sub-Performance'!A36 -> 0
B102: ⑨ | C102: ⑧ | D102: ⑦ | E102: ⑥ | F102: ⑤ | G102: ④ | H102: ③ | I102: ② | J102: ① | K102: ② | L102: ③ | M102: ④ | N102: ⑤ | O102: ⑥ | P102: ⑦ | Q102: ⑧ | R102: ⑨ | S102: ='1b-Sub-Performance'!#REF! -> #REF!
B103: ⑨ | C103: ⑧ | D103: ⑦ | E103: ⑥ | F103: ⑤ | G103: ④ | H103: ③ | I103: ② | J103: ① | K103: ② | L103: ③ | M103: ④ | N103: ⑤ | O103: ⑥ | P103: ⑦ | Q103: ⑧ | R103: ⑨ | S103: ='1b-Sub-Performance'!A37 -> 0
B104: ⑨ | C104: ⑧ | D104: ⑦ | E104: ⑥ | F104: ⑤ | G104: ④ | H104: ③ | I104: ② | J104: ① | K104: ② | L104: ③ | M104: ④ | N104: ⑤ | O104: ⑥ | P104: ⑦ | Q104: ⑧ | R104: ⑨ | S104: ='1b-Sub-Performance'!A38 -> 0
A105: ='1b-Sub-Performance'!A36 -> 0 | B105: ⑨ | C105: ⑧ | D105: ⑦ | E105: ⑥ | F105: ⑤ | G105: ④ | H105: ③ | I105: ② | J105: ① | K105: ② | L105: ③ | M105: ④ | N105: ⑤ | O105: ⑥ | P105: ⑦ | Q105: ⑧ | R105: ⑨ | S105: ='1b-Sub-Performance'!#REF! -> #REF!
B106: ⑨ | C106: ⑧ | D106: ⑦ | E106: ⑥ | F106: ⑤ | G106: ④ | H106: ③ | I106: ② | J106: ① | K106: ② | L106: ③ | M106: ④ | N106: ⑤ | O106: ⑥ | P106: ⑦ | Q106: ⑧ | R106: ⑨ | S106: ='1b-Sub-Performance'!A37 -> 0
...

Sheet 4a-Rating Rationale (1)
A1: Rating Rationale - Original Concept
A2: ='1a-Performance'!A2 -> VE Title : | B2: ='1a-Performance'!B2 -> 포장두께 | D2: 비교1안(PCC Slab 46cm)
A3: Performance | B3: Sub-Performance | C3: Rationale | D3: Rating
A4: ='3a-Attribute Rating(A)'!B6 -> 시공성 | D4: 5
A8: ='3a-Attribute Rating(A)'!B7 -> 유지관리성 | D8: 5
A12: ='3a-Attribute Rating(A)'!B8 -> 내구성 | D12: 5
A16: ='3a-Attribute Rating(A)'!B9 -> 이용편의성 | D16: 5
A20: ='3a-Attribute Rating(A)'!B10 -> 친환경성 | D20: 5
A24: ='3a-Attribute Rating(A)'!B11 -> 배수성 | D24: 5
A28: ='3a-Attribute Rating(A)'!B12 -> 교통안전성 | D28: 5
A32: ='3a-Attribute Rating(A)'!B13 -> 민원성 | D32: 5

Sheet 4b-Rating Rationale (2)
A1: Rating Rationale - Alt. Concept #1
A2: ='1a-Performance'!A2 -> VE Title : | B2: ='1a-Performance'!B2 -> 포장두께 | D2: 비교2안(PCC Slab 50cm)
A3: Performance | B3: Sub-Performance | C3: Rationale | D3: Rating
A4: ='3a-Attribute Rating(A)'!B6 -> 시공성 | D4: 4
A8: ='3a-Attribute Rating(A)'!B7 -> 유지관리성 | D8: 6
A12: ='3a-Attribute Rating(A)'!B8 -> 내구성 | D12: 10
A16: ='3a-Attribute Rating(A)'!B9 -> 이용편의성 | D16: 5
A20: ='3a-Attribute Rating(A)'!B10 -> 친환경성 | D20: 5
A24: ='3a-Attribute Rating(A)'!B11 -> 배수성 | D24: 5
A28: ='3a-Attribute Rating(A)'!B12 -> 교통안전성 | D28: 5
A32: ='3a-Attribute Rating(A)'!B13 -> 민원성 | D32: 6

Sheet 4c-Rating Rationale (3)
A1: Rating Rationale - Alt. Concept #2
A2: ='1a-Performance'!A2 -> VE Title : | B2: ='1a-Performance'!B2 -> 포장두께
A3: Performance | B3: Sub-Performance | C3: Rationale | D3: Rating
A4: ='3a-Attribute Rating(A)'!B6 -> 시공성 | C4: 평가사유
A8: ='3a-Attribute Rating(A)'!B7 -> 유지관리성 | C8: 평가사유
A12: ='3a-Attribute Rating(A)'!B8 -> 내구성 | C12: 평가사유
A16: ='3a-Attribute Rating(A)'!B9 -> 이용편의성 | C16: 평가사유
A20: ='3a-Attribute Rating(A)'!B10 -> 친환경성 | C20: 평가사유
A24: ='3a-Attribute Rating(A)'!B11 -> 배수성 | C24: 평가사유
A28: ='3a-Attribute Rating(A)'!B12 -> 교통안전성
A32: ='3a-Attribute Rating(A)'!B13 -> 민원성

Sheet 4d-Rating Rationale (4)
A1: Rating Rationale - Alt. Concept #3
A2: ='1a-Performance'!A2 -> VE Title : | B2: ='1a-Performance'!B2 -> 포장두께
A3: Performance | B3: Sub-Performance | C3: Rationale | D3: Rating
A4: ='3a-Attribute Rating(A)'!B6 -> 시공성 | C4: 평가사유
A8: ='3a-Attribute Rating(A)'!B7 -> 유지관리성 | C8: 평가사유
A12: ='3a-Attribute Rating(A)'!B8 -> 내구성 | C12: 평가사유
A16: ='3a-Attribute Rating(A)'!B9 -> 이용편의성 | C16: 평가사유
A20: ='3a-Attribute Rating(A)'!B10 -> 친환경성 | C20: 평가사유
A24: ='3a-Attribute Rating(A)'!B11 -> 배수성 | C24: 평가사유
A28: ='3a-Attribute Rating(A)'!B12 -> 교통안전성
A32: ='3a-Attribute Rating(A)'!B13 -> 민원성

Sheet 5a-Initial Cost (1)
A1: INITIAL COSTS
A2: ='1a-Performance'!A2 -> VE Title : | B2: ='1a-Performance'!B2 -> 포장두께
A3: CONSTRUCTION ELEMENT | C3: ORIGINAL CONCEPT | F3: ALTERNATIVE CONCEPT#1
C4: ='4a-Rating Rationale (1)'!D2 -> 비교1안(PCC Slab 46cm) | F4: ='4b-Rating Rationale (2)'!D2 -> 비교2안(PCC Slab 50cm)
A5: Description | B5: Unit | C5: Quantity | D5: Cost/Unit | E5: Total | F5: Quantity | G5: Cost/Unit | H5: Total
A6: Original Concept
A7: 직접공사비(억원) | B7: LS | C7: 1 | D7: =1432.8/1.24 -> 1155.4839 | E7: =ROUND(C7*D7,2) -> 1155.48
A8: 간접공사비(직접공사비×14%) | B8: LS | C8: 1 | D8: =D7*0.14 -> 161.76774 | E8: =ROUND(C8*D8,2) -> 161.77
A9: 관리비/이윤(직접공사비×10%) | B9: LS | C9: 1 | D9: =D7*0.1 -> 115.54839 | E9: =ROUND(C9*D9,2) -> 115.55
A10: 설계/감리비(공사비×3%) | B10: LS | C10: 1 | D10: =SUM(D7:D9)*0.03 -> 42.984 | E10: =ROUND(C10*D10,2) -> 42.98
A11: 측량/조사비(공사비×1%) | B11: LS | C11: 1 | D11: =SUM(D7:D9)*0.01 -> 14.328 | E11: =ROUND(C11*D11,2) -> 14.33
A12: 보상비(제외) | B12: LS | C12: 1 | E12: =ROUND(C12*D12,2) -> 0
A19: Alternative Concept #1
A20: 직접공사비(억원) | B20: LS | F20: 1 | G20: =(1432.8+25)/1.24 -> 1175.6452 | H20: =ROUND(F20*G20,2) -> 1175.65
A21: 간접공사비(직접공사비×14%) | B21: LS | F21: 1 | G21: =G20*0.14 -> 164.59032 | H21: =ROUND(F21*G21,2) -> 164.59
A22: 관리비/이윤(직접공사비×10%) | B22: LS | F22: 1 | G22: =G20*0.1 -> 117.56452 | H22: =ROUND(F22*G22,2) -> 117.56
A23: 설계/감리비(공사비×3%) | B23: LS | F23: 1 | G23: =SUM(G20:G22)*0.03 -> 43.734 | H23: =ROUND(F23*G23,2) -> 43.73
A24: 측량/조사비(공사비×1%) | B24: LS | F24: 1 | G24: =SUM(G20:G22)*0.01 -> 14.578 | H24: =ROUND(F24*G24,2) -> 14.58
A25: 보상비(제외) | B25: LS | F25: 1 | H25: =ROUND(F25*G25,2) -> 0
A32: SUB-TOTAL | E32: =SUM(E6:E31) -> 1490.11 | H32: =SUM(H6:H31) -> 1516.11
A33: PROJECT MARK-UPS | B33: 0 | E33: =E32*B33 -> 0 | H33: =H32*B33 -> 0
A34: TOTAL (hundred million won) | E34: =SUM(E32:E33) -> 1490.11 | H34: =SUM(H32:H33) -> 1516.11
A35: TOTAL (Rounded) | E35: =ROUND(E34,2) -> 1490.11 | H35: =ROUND(H34,2) -> 1516.11
G36: SAVINGS | H36: =E35-H35 -> -26

Sheet 5b-Initial Cost (2)
A1: INITIAL COSTS
A2: ='1a-Performance'!A2 -> VE Title : | B2: ='1a-Performance'!B2 -> 포장두께
A3: CONSTRUCTION ELEMENT | C3: ALTERNATIVE CONCEPT#2 | F3: ALTERNATIVE CONCEPT#3
C4: ='4c-Rating Rationale (3)'!D2 -> 0 | F4: ='4d-Rating Rationale (4)'!D2 -> 0
A5: Description | B5: Unit | C5: Quantity | D5: Cost/Unit | E5: Total | F5: Quantity | G5: Cost/Unit | H5: Total
A6: Alternative Concept #2
A7: 직접공사비 | B7: LS | C7: 1 | E7: =ROUND(C7*D7,2) -> 0
A8: 간접공사비(직접공사비×16.28%) | B8: LS | C8: 1 | D8: =D7*0.1628 -> 0 | E8: =ROUND(C8*D8,2) -> 0
A9: 관리비/이윤(직접공사비×12.60%) | B9: LS | C9: 1 | D9: =D7*0.126 -> 0 | E9: =ROUND(C9*D9,2) -> 0
A10: 설계/감리비(공사비×3%) | B10: LS | C10: 1 | D10: =SUM(D7:D9)*0.03 -> 0 | E10: =ROUND(C10*D10,2) -> 0
A11: 측량/조사비(공사비×1%) | B11: LS | C11: 1 | D11: =SUM(D7:D9)*0.01 -> 0 | E11: =ROUND(C11*D11,2) -> 0
A12: 보상비(제외) | B12: LS | C12: 1 | E12: =ROUND(C12*D12,2) -> 0
A19: Alternative Concept #3
A20: 직접공사비 | B20: LS | F20: 1 | H20: =ROUND(F20*G20,2) -> 0
A21: 간접공사비(직접공사비×16.28%) | B21: LS | F21: 1 | G21: =G20*0.1628 -> 0 | H21: =ROUND(F21*G21,2) -> 0
A22: 관리비/이윤(직접공사비×12.60%) | B22: LS | F22: 1 | G22: =G20*0.126 -> 0 | H22: =ROUND(F22*G22,2) -> 0
A23: 설계/감리비(공사비×3%) | B23: LS | F23: 1 | G23: =SUM(G20:G22)*0.03 -> 0 | H23: =ROUND(F23*G23,2) -> 0
A24: 측량/조사비(공사비×1%) | B24: LS | F24: 1 | G24: =SUM(G20:G22)*0.01 -> 0 | H24: =ROUND(F24*G24,2) -> 0
A25: 보상비(제외) | B25: LS | F25: 1 | H25: =ROUND(F25*G25,2) -> 0
A32: SUB-TOTAL | E32: =SUM(E6:E31) -> 0 | H32: =SUM(H6:H31) -> 0
A33: PROJECT MARK-UPS | B33: 0 | E33: =E32*B33 -> 0 | H33: =H32*B33 -> 0
A34: ='5a-Initial Cost (1)'!A34 -> TOTAL (hundred million won) | E34: =SUM(E32:E33) -> 0 | H34: =SUM(H32:H33) -> 0
A35: TOTAL (Rounded) | E35: =ROUND(E34,2) -> 0 | H35: =ROUND(H34,2) -> 0
D36: SAVINGS | E36: ='5a-Initial Cost (1)'!E35-E35 -> 1490.11 | G36: SAVINGS | H36: ='5a-Initial Cost (1)'!E35-H35 -> 1490.11

Sheet 5c-Life Cycle Cost (1)
A1: LIFE CYCLE COSTS
B2: ='1a-Performance'!A2 -> VE Title : | C2: ='1a-Performance'!B2 -> 포장두께
B3: Life Cycle Period | D3: 50 | E3: Years | H3: ORIGINAL | I3: ALT.#1
B4: Interest | D4: 5.5 | E4: % | H4: ='4a-Rating Rationale (1)'!D2 -> 비교1안(PCC Slab 46cm) | I4: ='4b-Rating Rationale (2)'!D2 -> 비교2안(PCC Slab 50cm)
A5: A. | B5: INITIAL COST | H5: ='5a-Initial Cost (1)'!E35 -> 1490.11 | I5: ='5a-Initial Cost (1)'!H35 -> 1516.11
B6: INITIAL COST SAVINGS: | I6: =H5-I5 -> -26
A7: B. | B7: ANNUAL COSTS
B8: 1. General Operations & Maintenance | H8: =600*0.005 -> 3 | I8: =625*0.005 -> 3.125
B9: 2. Energy
B10: 3. Supplies & Misc.
B11: Total Annual Costs: | H11: =SUM(H8:H10) -> 3 | I11: =SUM(I8:I10) -> 3.125
A12: Present Value Factor (P/A): | H12: =PV(D4*0.01,D3,-1) -> 16.931518 | I12: =PV(D4*0.01,D3,-1) -> 16.931518
A13: PRESENT VALUE OF ANNUAL COSTS: | H13: =H11*H12 -> 50.794554 | I13: =I11*I12 -> 52.910993 | K13: LCC 테이블1 | Q13: LCC 테이블2
A14: C. | B14: SINGLE EXPENDITURES | E14: Year | F14: Amount | G14: PV Factor | H14: Present Value | I14: Present Value | L14: ='4a-Rating Rationale (1)'!C1 -> 0 | M14: ='4b-Rating Rationale (2)'!C1 -> 0 | N14: ='4c-Rating Rationale (3)'!C1 -> 0 | O14: ='4d-Rating Rationale (4)'!C1 -> 0 | R14: =L14 -> 0 | S14: =M14 -> 0 | T14: =N14 -> 0 | U14: =O14 -> 0
B15: Original Concept | G15: =(1/(1+$D$4/100)^(E15)*1) -> 1 | K15: 초기투자비 | L15: =H5 -> 1490.11 | M15: =I5 -> 1516.11 | N15: ='5d-Life Cycle Cost (2)'!H5 -> 0 | O15: ='5b-Initial Cost (2)'!H35 -> 0 | Q15: 초기투자비 | R15: =L15/MIN($L$15:$N$15) -> #DIV/0! | S15: =M15/MIN($L$15:$N$15) -> #DIV/0! | T15: =N15/MIN($L$15:$N$15) -> #DIV/0! | U15: =O15/MIN($L$15:$N$15) -> #DIV/0!
B16: 1. 재포장비 | E16: 20 | F16: 600 | G16: =(1/(1+$D$4/100)^(E16)*1) -> 0.34272896 | H16: =F16*G16 -> 205.63738 | K16: 유지관리비 | L16: =H35 -> 306.27986 | M16: =I35 -> 94.091153 | N16: ='5d-Life Cycle Cost (2)'!H35 -> 0 | O16: ='5d-Life Cycle Cost (2)'!I13 -> 0 | Q16: 유지관리비 | R16: =L16/MIN($L$16:$N$16) -> #DIV/0! | S16: =M16/MIN($L$16:$N$16) -> #DIV/0! | T16: =N16/MIN($L$16:$N$16) -> #DIV/0! | U16: =O16/MIN($L$16:$N$16) -> #DIV/0!
E17: 40 | F17: =F16 -> 600 | G17: =(1/(1+$D$4/100)^(E17)*1) -> 0.11746314 | H17: =F17*G17 -> 70.477885 | K17: 해체폐기비 | L17: =$I$36 -> 0 | M17: ='5d-Life Cycle Cost (2)'!$H$36 -> 0 | N17: ='5d-Life Cycle Cost (2)'!$I$36 -> 0 | O17: =$H$36 -> 0 | Q17: 해체폐기비 | R17: =L17/MIN($L$17:$N$17) -> #DIV/0! | S17: =M17/MIN($L$17:$N$17) -> #DIV/0! | T17: =N17/MIN($L$17:$N$17) -> #DIV/0! | U17: =O17/MIN($L$17:$N$17) -> #DIV/0!
B18: 2. 잔존가치 | E18: 50 | F18: -300 | G18: =(1/(1+$D$4/100)^(E18)*1) -> 0.068766515 | H18: =F18*G18 -> -20.629955 | K18: LCC | L18: =SUM(L15:L17) -> 1796.3899 | M18: =SUM(M15:M17) -> 1610.2012 | N18: =SUM(N15:N17) -> 0 | O18: =SUM(O15:O17) -> 0 | Q18: LCC | R18: =L18/MIN($L$18:$N$18) -> #DIV/0! | S18: =M18/MIN($L$18:$N$18) -> #DIV/0! | T18: =N18/MIN($L$18:$N$18) -> #DIV/0! | U18: =O18/MIN($L$18:$N$18) -> #DIV/0!
G19: =(1/(1+$D$4/100)^(E19)*1) -> 1 | H19: =F19*G19 -> 0
G20: =(1/(1+$D$4/100)^(E20)*1) -> 1 | H20: =F20*G20 -> 0
G21: =(1/(1+$D$4/100)^(E21)*1) -> 1 | H21: =F21*G21 -> 0
G22: =(1/(1+$D$4/100)^(E22)*1) -> 1 | H22: =F22*G22 -> 0
G23: =(1/(1+$D$4/100)^(E23)*1) -> 1 | H23: =F23*G23 -> 0
B24: Alternative Concept #1 | G24: =(1/(1+$D$4/100)^(E24)*1) -> 1 | I24: =F24*G24 -> 0
B25: 1. 재포장비 | E25: 40 | F25: 625 | G25: =(1/(1+$D$4/100)^(E25)*1) -> 0.11746314 | I25: =F25*G25 -> 73.414464
G26: =(1/(1+$D$4/100)^(E26)*1) -> 1 | I26: =F26*G26 -> 0
B27: 2. 잔존가치 | E27: 50 | F27: =-625/40*30 -> -468.75 | G27: =(1/(1+$D$4/100)^(E27)*1) -> 0.068766515 | I27: =F27*G27 -> -32.234304
G28: =(1/(1+$D$4/100)^(E28)*1) -> 1 | I28: =F28*G28 -> 0
G29: =(1/(1+$D$4/100)^(E29)*1) -> 1 | I29: =F29*G29 -> 0
G30: =(1/(1+$D$4/100)^(E30)*1) -> 1 | I30: =F30*G30 -> 0
A34: PRESENT VALUE OF SINGLE EXPENDITURES: | H34: =SUM(H15:H33) -> 255.48531 | I34: =SUM(I15:I33) -> 41.18016
A35: D. | B35: TOTAL ANNUAL COSTS & SINGLE EXPENDITURES (B+C) | H35: =+H34+H13 -> 306.27986 | I35: =+I34+I13 -> 94.091153
A36: E. | B36: SALVAGE VALUE
A37: F. | B37: TOTAL PRESENT VALUE COST (A+D+E) | H37: =+H5+H35+H36 -> 1796.3899 | I37: =+I5+I35+I36 -> 1610.2012
A38: TOTAL LIFE CYCLE SAVINGS: | I38: =H37-I37 -> 186.18871

Sheet 5d-Life Cycle Cost (2)
A1: LIFE CYCLE COSTS
B2: ='1a-Performance'!A2 -> VE Title : | C2: ='1a-Performance'!B2 -> 포장두께
B3: Life Cycle Period | D3: ='5c-Life Cycle Cost (1)'!D3 -> 50 | E3: Years | H3: ALT.#2 | I3: ALT.#3
B4: Interest | D4: ='5c-Life Cycle Cost (1)'!D4 -> 5.5 | E4: % | H4: ='4c-Rating Rationale (3)'!D2 -> 0 | I4: ='4d-Rating Rationale (4)'!D2 -> 0
A5: A. | B5: INITIAL COST | H5: ='5b-Initial Cost (2)'!E35 -> 0 | I5: ='5b-Initial Cost (2)'!H35 -> 0
B6: INITIAL COST SAVINGS: | H6: ='5a-Initial Cost (1)'!E35-'5b-Initial Cost (2)'!E35 -> 1490.11 | I6: ='5c-Life Cycle Cost (1)'!H5-I5 -> 1490.11
A7: B. | B7: ANNUAL COSTS
B8: 1. General Operations & Maintenance
B9: 2. Energy
B10: 3. Supplies & Misc.
B11: Total Annual Costs: | H11: =SUM(H8:H10) -> 0 | I11: =SUM(I8:I10) -> 0
A12: Present Value Factor (P/A): | H12: =PV(D4*0.01,D3,-1) -> 16.931518 | I12: =PV(D4*0.01,D3,-1) -> 16.931518
A13: PRESENT VALUE OF ANNUAL COSTS: | H13: =H11*H12 -> 0 | I13: =I11*I12 -> 0
A14: C. | B14: SINGLE EXPENDITURES | E14: Year | F14: Amount | G14: PV Factor | H14: Present Value | I14: Present Value
B15: Alternative Concept #2 | G15: =(1/(1+$D$4/100)^(E15)*1) -> 1 | H15: =F15*G15 -> 0
B16: 1. 운영비 | G16: =(1/(1+$D$4/100)^(E16)*1) -> 1 | H16: =F16*G16 -> 0
B17: 2. 수선유지비 | G17: =(1/(1+$D$4/100)^(E17)*1) -> 1 | H17: =F17*G17 -> 0
B18: 3. 교량보수비 | G18: =(1/(1+$D$4/100)^(E18)*1) -> 1 | H18: =F18*G18 -> 0
B19: 4. 터널보수비 | G19: =(1/(1+$D$4/100)^(E19)*1) -> 1 | H19: =F19*G19 -> 0
B20: 5. 포장보수비 | G20: =(1/(1+$D$4/100)^(E20)*1) -> 1 | H20: =F20*G20 -> 0
B21: 6. 도로개량비 | G21: =(1/(1+$D$4/100)^(E21)*1) -> 1 | H21: =F21*G21 -> 0
G22: =(1/(1+$D$4/100)^(E22)*1) -> 1 | H22: =F22*G22 -> 0
G23: =(1/(1+$D$4/100)^(E23)*1) -> 1 | H23: =F23*G23 -> 0
B24: Alternative Concept #3 | G24: =(1/(1+$D$4/100)^(E24)*1) -> 1 | I24: =F24*G24 -> 0
B25: 1. 운영비 | G25: =(1/(1+$D$4/100)^(E25)*1) -> 1 | I25: =F25*G25 -> 0
B26: 2. 수선유지비 | G26: =(1/(1+$D$4/100)^(E26)*1) -> 1 | I26: =F26*G26 -> 0
B27: 3. 교량보수비 | G27: =(1/(1+$D$4/100)^(E27)*1) -> 1 | I27: =F27*G27 -> 0
B28: 4. 터널보수비 | G28: =(1/(1+$D$4/100)^(E28)*1) -> 1 | I28: =F28*G28 -> 0
B29: 5. 포장보수비 | G29: =(1/(1+$D$4/100)^(E29)*1) -> 1 | I29: =F29*G29 -> 0
B30: 6. 도로개량비 | G30: =(1/(1+$D$4/100)^(E30)*1) -> 1 | I30: =F30*G30 -> 0
A34: PRESENT VALUE OF SINGLE EXPENDITURES: | H34: =SUM(H15:H33) -> 0 | I34: =SUM(I15:I33) -> 0
A35: D. | B35: TOTAL ANNUAL COSTS & SINGLE EXPENDITURES (B+C) | H35: =+H34+H13 -> 0 | I35: =+I34+I13 -> 0
A36: E. | B36: SALVAGE VALUE
A37: F. | B37: TOTAL PRESENT VALUE COST (A+D+E) | H37: =+H5+H35+H36 -> 0 | I37: =+I5+I35+I36 -> 0
A38: TOTAL LIFE CYCLE SAVINGS: | I38: =I37-'5c-Life Cycle Cost (1)'!I37 -> -1610.2012

Sheet 5e-Cost Analysis
A1: SENSETIVILITY ANALYSIS
A2: ='1a-Performance'!A2 -> VE Title : | B2: ='1a-Performance'!B2 -> 포장두께
A3: A. 할인율에 따른 민감도 분석 | E3: 분석기간 : | F3: 100 | H3: B. 분석기간에 따른 민감도 분석 | L3: 할인율 : | M3: =A8 -> 0.055
A4: 아이템 | C4: ='4a-Rating Rationale (1)'!$C$1 -> 0 | D4: ='4b-Rating Rationale (2)'!$C$1 -> 0 | E4: ='4c-Rating Rationale (3)'!$C$1 -> 0 | F4: ='4d-Rating Rationale (4)'!$C$1 -> 0 | H4: 아이템 | J4: ='4a-Rating Rationale (1)'!$C$1 -> 0 | K4: ='4b-Rating Rationale (2)'!$C$1 -> 0 | L4: ='4c-Rating Rationale (3)'!$C$1 -> 0 | M4: ='4d-Rating Rationale (4)'!$C$1 -> 0
A5: 할인율 | B5: PV | C5: ='5c-Life Cycle Cost (1)'!$H$13 -> 50.794554 | D5: ='5c-Life Cycle Cost (1)'!$I$13 -> 52.910993 | E5: ='5d-Life Cycle Cost (2)'!$H$13 -> 0 | F5: ='5d-Life Cycle Cost (2)'!$I$13 -> 0 | H5: 기간 | I5: PV | J5: ='5c-Life Cycle Cost (1)'!$H$13 -> 50.794554 | K5: ='5c-Life Cycle Cost (1)'!$I$13 -> 52.910993 | L5: ='5d-Life Cycle Cost (2)'!$H$13 -> 0 | M5: ='5d-Life Cycle Cost (2)'!$I$13 -> 0
A6: =A8-0.02 -> 0.035 | B6: =PV(A6,$F$3,-1) -> 27.655425 | C6: =$C$5*B6 -> 1404.745 | D6: =$D$5*B6 -> 1463.276 | E6: =$E$5*B6 -> 0 | F6: =$F$5*B6 -> 0 | H6: =H8-10 -> 90 | I6: =PV($M$3,H6,-1) -> 18.034954 | J6: =$C$5*I6 -> 916.07744 | K6: =$D$5*I6 -> 954.24733 | L6: =$E$5*I6 -> 0 | M6: =$F$5*I6 -> 0
A7: =A8-0.01 -> 0.045 | B7: =PV(A7,$F$3,-1) -> 21.949853 | C7: =$C$5*B7 -> 1114.933 | D7: =$D$5*B7 -> 1161.3885 | E7: =$E$5*B7 -> 0 | F7: =$F$5*B7 -> 0 | H7: =H8-5 -> 95 | I7: =PV($M$3,H7,-1) -> 18.069447 | J7: =$C$5*I7 -> 917.82951 | K7: =$D$5*I7 -> 956.07241 | L7: =$E$5*I7 -> 0 | M7: =$F$5*I7 -> 0
A8: ='5c-Life Cycle Cost (1)'!D4*0.01 -> 0.055 | B8: =PV(A8,$F$3,-1) -> 18.095839 | C8: =$C$5*B8 -> 919.17009 | D8: =$D$5*B8 -> 957.46884 | E8: =$E$5*B8 -> 0 | F8: =$F$5*B8 -> 0 | H8: =F3 -> 100 | I8: =PV($M$3,H8,-1) -> 18.095839 | J8: =$C$5*I8 -> 919.17009 | K8: =$D$5*I8 -> 957.46884 | L8: =$E$5*I8 -> 0 | M8: =$F$5*I8 -> 0
A9: =A8+0.01 -> 0.065 | B9: =PV(A9,$F$3,-1) -> 15.356293 | C9: =$C$5*B9 -> 780.01606 | D9: =$D$5*B9 -> 812.51673 | E9: =$E$5*B9 -> 0 | F9: =$F$5*B9 -> 0 | H9: =H8+5 -> 105 | I9: =PV($M$3,H9,-1) -> 18.116033 | J9: =$C$5*I9 -> 920.1958 | K9: =$D$5*I9 -> 958.5373 | L9: =$E$5*I9 -> 0 | M9: =$F$5*I9 -> 0
A10: =A8+0.02 -> 0.075 | B10: =PV(A10,$F$3,-1) -> 13.323693 | C10: =$C$5*B10 -> 676.77104 | D10: =$D$5*B10 -> 704.96983 | E10: =$E$5*B10 -> 0 | F10: =$F$5*B10 -> 0 | H10: =H8+10 -> 110 | I10: =PV($M$3,H10,-1) -> 18.131484 | J10: =$C$5*I10 -> 920.98062 | K10: =$D$5*I10 -> 959.35481 | L10: =$E$5*I10 -> 0 | M10: =$F$5*I10 -> 0

Sheet 6a-Hierarchy
A1: PERFORMANCE HIERARCHY
A2: ='1a-Performance'!A2:B2 -> VE Title : | B2: ='1a-Performance'!B2 -> 포장두께
A3: Performance | B3: Sub-Performance | D3: Rating
C4: Priority | D4: Original | E4: Alt.1 | F4: Alt.2 | G4: Alt.3
A5: ='3a-Attribute Rating(A)'!B6 -> 시공성 | B5: ='1b-Sub-Performance'!A5 -> 0 | C5: 1 | D5: ='4a-Rating Rationale (1)'!D4 -> 5 | E5: ='4b-Rating Rationale (2)'!D4 -> 4 | F5: ='4c-Rating Rationale (3)'!D4 -> 0 | G5: ='4d-Rating Rationale (4)'!D4 -> 0
B6: ='1b-Sub-Performance'!A6 -> 0 | C6: 0 | D6: ='4a-Rating Rationale (1)'!D5 -> 0 | E6: ='4b-Rating Rationale (2)'!D5 -> 0 | F6: ='4c-Rating Rationale (3)'!D5 -> 0 | G6: ='4d-Rating Rationale (4)'!D5 -> 0
B7: ='1b-Sub-Performance'!A7 -> 0 | C7: 0 | D7: ='4a-Rating Rationale (1)'!D6 -> 0 | E7: ='4b-Rating Rationale (2)'!D6 -> 0 | F7: ='4c-Rating Rationale (3)'!D6 -> 0 | G7: ='4d-Rating Rationale (4)'!D6 -> 0
B8: Sub-Total | C8: =SUM(C5:C7) -> 1 | D8: =ROUND(SUMPRODUCT($C$5:$C$7,D5:D7),1) -> 5 | E8: =ROUND(SUMPRODUCT($C$5:$C$7,E5:E7),1) -> 4 | F8: =ROUND(SUMPRODUCT($C$5:$C$7,F5:F7),1) -> 0 | G8: =ROUND(SUMPRODUCT($C$5:$C$7,G5:G7),1) -> 0
A9: ='3a-Attribute Rating(A)'!B7 -> 유지관리성 | B9: ='1b-Sub-Performance'!A11 -> 0 | C9: 1 | D9: ='4a-Rating Rationale (1)'!D8 -> 5 | E9: ='4b-Rating Rationale (2)'!D8 -> 6 | F9: ='4c-Rating Rationale (3)'!D8 -> 0 | G9: ='4d-Rating Rationale (4)'!D8 -> 0
B10: ='1b-Sub-Performance'!A12 -> 0 | C10: 0 | D10: ='4a-Rating Rationale (1)'!D9 -> 0 | E10: ='4b-Rating Rationale (2)'!D9 -> 0 | F10: ='4c-Rating Rationale (3)'!D9 -> 0 | G10: ='4d-Rating Rationale (4)'!D9 -> 0
B12: Sub-Total | C12: =SUM(C9:C11) -> 1 | D12: =ROUND(SUMPRODUCT($C$9:$C$10,D9:D10),1) -> 5 | E12: =ROUND(SUMPRODUCT($C$9:$C$10,E9:E10),1) -> 6 | F12: =ROUND(SUMPRODUCT($C$9:$C$10,F9:F10),1) -> 0 | G12: =ROUND(SUMPRODUCT($C$9:$C$10,G9:G10),1) -> 0
A13: ='3a-Attribute Rating(A)'!B8 -> 내구성 | B13: ='1b-Sub-Performance'!A17 -> 0 | C13: 1 | D13: ='4a-Rating Rationale (1)'!D12 -> 5 | E13: ='4b-Rating Rationale (2)'!D12 -> 10 | F13: ='4c-Rating Rationale (3)'!D12 -> 0 | G13: ='4d-Rating Rationale (4)'!D12 -> 0
B14: ='1b-Sub-Performance'!A18 -> 0 | C14: 0 | D14: ='4a-Rating Rationale (1)'!D13 -> 0 | E14: ='4b-Rating Rationale (2)'!D13 -> 0 | F14: ='4c-Rating Rationale (3)'!D13 -> 0 | G14: ='4d-Rating Rationale (4)'!D13 -> 0
B16: Sub-Total | C16: =SUM(C13:C15) -> 1 | D16: =ROUND(SUMPRODUCT($C$13:$C$14,D13:D14),1) -> 5 | E16: =ROUND(SUMPRODUCT($C$13:$C$14,E13:E14),1) -> 10 | F16: =ROUND(SUMPRODUCT($C$13:$C$14,F13:F14),1) -> 0 | G16: =ROUND(SUMPRODUCT($C$13:$C$14,G13:G14),1) -> 0
A17: ='3a-Attribute Rating(A)'!B9 -> 이용편의성 | B17: ='1b-Sub-Performance'!A23 -> 0 | C17: 1 | D17: ='4a-Rating Rationale (1)'!D16 -> 5 | E17: ='4b-Rating Rationale (2)'!D16 -> 5 | F17: ='4c-Rating Rationale (3)'!D16 -> 0 | G17: ='4d-Rating Rationale (4)'!D16 -> 0
B18: ='1b-Sub-Performance'!A24 -> 0 | C18: 0 | D18: ='4a-Rating Rationale (1)'!D17 -> 0 | E18: ='4b-Rating Rationale (2)'!D17 -> 0 | F18: ='4c-Rating Rationale (3)'!D17 -> 0 | G18: ='4d-Rating Rationale (4)'!D17 -> 0
B20: Sub-Total | C20: =SUM(C17:C19) -> 1 | D20: =ROUND(SUMPRODUCT($C$17:$C$18,D17:D18),1) -> 5 | E20: =ROUND(SUMPRODUCT($C$17:$C$18,E17:E18),1) -> 5 | F20: =ROUND(SUMPRODUCT($C$17:$C$18,F17:F18),1) -> 0 | G20: =ROUND(SUMPRODUCT($C$17:$C$18,G17:G18),1) -> 0
A21: ='3a-Attribute Rating(A)'!B10 -> 친환경성 | B21: ='1b-Sub-Performance'!A29 -> 0 | C21: 1 | D21: ='4a-Rating Rationale (1)'!D20 -> 5 | E21: ='4b-Rating Rationale (2)'!D20 -> 5 | F21: ='4c-Rating Rationale (3)'!D20 -> 0 | G21: ='4d-Rating Rationale (4)'!D20 -> 0
B22: ='1b-Sub-Performance'!A30 -> 0 | C22: 0 | D22: ='4a-Rating Rationale (1)'!D21 -> 0 | E22: ='4b-Rating Rationale (2)'!D21 -> 0 | F22: ='4c-Rating Rationale (3)'!D21 -> 0 | G22: ='4d-Rating Rationale (4)'!D21 -> 0
B24: Sub-Total | C24: =SUM(C21:C23) -> 1 | D24: =ROUND(SUMPRODUCT($C$21:$C$22,D21:D22),1) -> 5 | E24: =ROUND(SUMPRODUCT($C$21:$C$22,E21:E22),1) -> 5 | F24: =ROUND(SUMPRODUCT($C$21:$C$22,F21:F22),1) -> 0 | G24: =ROUND(SUMPRODUCT($C$21:$C$22,G21:G22),1) -> 0
A25: ='3a-Attribute Rating(A)'!B11 -> 배수성 | B25: ='1b-Sub-Performance'!A35 -> 0 | C25: 1 | D25: ='4a-Rating Rationale (1)'!D24 -> 5 | E25: ='4b-Rating Rationale (2)'!D24 -> 5 | F25: ='4c-Rating Rationale (3)'!D24 -> 0 | G25: ='4d-Rating Rationale (4)'!D24 -> 0
B26: ='1b-Sub-Performance'!A36 -> 0 | C26: 0 | D26: ='4a-Rating Rationale (1)'!D25 -> 0 | E26: ='4b-Rating Rationale (2)'!D25 -> 0 | F26: ='4c-Rating Rationale (3)'!D25 -> 0 | G26: ='4d-Rating Rationale (4)'!D25 -> 0
B28: Sub-Total | C28: =SUM(C25:C27) -> 1 | D28: =ROUND(SUMPRODUCT($C$25:$C$26,D25:D26),1) -> 5 | E28: =ROUND(SUMPRODUCT($C$25:$C$26,E25:E26),1) -> 5 | F28: =ROUND(SUMPRODUCT($C$25:$C$26,F25:F26),1) -> 0 | G28: =ROUND(SUMPRODUCT($C$25:$C$26,G25:G26),1) -> 0
A29: ='3a-Attribute Rating(A)'!B12 -> 교통안전성 | B29: ='1b-Sub-Performance'!A41 -> 0 | C29: 1 | D29: ='4a-Rating Rationale (1)'!D28 -> 5 | E29: ='4b-Rating Rationale (2)'!D28 -> 5 | F29: ='4c-Rating Rationale (3)'!D28 -> 0 | G29: ='4d-Rating Rationale (4)'!D28 -> 0
B30: ='1b-Sub-Performance'!A42 -> 0 | D30: ='4a-Rating Rationale (1)'!D29 -> 0 | E30: ='4b-Rating Rationale (2)'!D29 -> 0 | F30: ='4c-Rating Rationale (3)'!D29 -> 0 | G30: ='4d-Rating Rationale (4)'!D29 -> 0
B32: Sub-Total | D32: =ROUND(SUMPRODUCT($C$29:$C$30,D29:D30),1) -> 5 | E32: =ROUND(SUMPRODUCT($C$29:$C$30,E29:E30),1) -> 5 | F32: =ROUND(SUMPRODUCT($C$29:$C$30,F29:F30),1) -> 0 | G32: =ROUND(SUMPRODUCT($C$29:$C$30,G29:G30),1) -> 0
A33: ='3a-Attribute Rating(A)'!B13 -> 민원성 | B33: ='1b-Sub-Performance'!A47 -> 0 | C33: 1 | D33: ='4a-Rating Rationale (1)'!D32 -> 5 | E33: ='4b-Rating Rationale (2)'!D32 -> 6 | F33: ='4c-Rating Rationale (3)'!D32 -> 0 | G33: ='4d-Rating Rationale (4)'!D32 -> 0
B34: ='1b-Sub-Performance'!A48 -> 0 | C34: 1
B36: Sub-Total | D36: =ROUND(SUMPRODUCT($C$33:$C$34,D33:D34),1) -> 5 | E36: =ROUND(SUMPRODUCT($C$33:$C$34,E33:E34),1) -> 6 | F36: =ROUND(SUMPRODUCT($C$33:$C$34,F33:F34),1) -> 0 | G36: =ROUND(SUMPRODUCT($C$33:$C$34,G33:G34),1) -> 0

Sheet 6b-Value Matrix
A1: VALUE MATRIX
A2: ='1a-Performance'!A2:B2 -> VE Title : | B2: ='1a-Performance'!B2 -> 포장두께
A4: Attribute | B4: Attribute Weight | C4: Concept | D4: Performance Rating | N4: Total Performance
D5: 1 | E5: 2 | F5: 3 | G5: 4 | H5: 5 | I5: 6 | J5: 7 | K5: 8 | L5: 9 | M5: 10 | V5: 평가항목 | X5: 가중치 | Y5: ='4a-Rating Rationale (1)'!D2 -> 비교1안(PCC Slab 46cm) | AB5: ='4b-Rating Rationale (2)'!D2 -> 비교2안(PCC Slab 50cm) | AE5: ='4c-Rating Rationale (3)'!D2 -> 0 | AH5: ='4d-Rating Rationale (4)'!D2 -> 0
A6: ='1a-Performance'!A5 -> 시공성 | B6: ='3a-Attribute Rating(A)'!P6*100 -> 16.3 | C6: Baseline | D6: =IF(AND((D$5>=1),(D$5<'6a-Hierarchy'!$D$8))," ",IF(D$5='6a-Hierarchy'!$D$8,D$5,"")) | E6: =IF(AND((E$5>=1),(E$5<'6a-Hierarchy'!$D$8))," ",IF(E$5='6a-Hierarchy'!$D$8,E$5,"")) | F6: =IF(AND((F$5>=1),(F$5<'6a-Hierarchy'!$D$8))," ",IF(F$5='6a-Hierarchy'!$D$8,F$5,"")) | G6: =IF(AND((G$5>=1),(G$5<'6a-Hierarchy'!$D$8))," ",IF(G$5='6a-Hierarchy'!$D$8,G$5,"")) | H6: =IF(AND((H$5>=1),(H$5<'6a-Hierarchy'!$D$8))," ",IF(H$5='6a-Hierarchy'!$D$8,H$5,"")) -> 5 | I6: =IF(AND((I$5>=1),(I$5<'6a-Hierarchy'!$D$8))," ",IF(I$5='6a-Hierarchy'!$D$8,I$5,"")) | J6: =IF(AND((J$5>=1),(J$5<'6a-Hierarchy'!$D$8))," ",IF(J$5='6a-Hierarchy'!$D$8,J$5,"")) | K6: =IF(AND((K$5>=1),(K$5<'6a-Hierarchy'!$D$8))," ",IF(K$5='6a-Hierarchy'!$D$8,K$5,"")) | ... M6: =IF(AND((M$5>=1),(M$5<'6a-Hierarchy'!$D$8))," ",IF(M$5='6a-Hierarchy'!$D$8,M$5,"")) | N6: =$B$6*SUM(D6:M6) -> 81.5 | P6: =N6*$F$50 -> 16.3 | Y6: 등급 | Z6: 점수 | AA6: 환산점수 | AB6: 등급 | AC6: 점수 | AD6: 환산점수 | AE6: 등급 | AF6: 점수 | AG6: 환산점수 | AH6: 등급 | AI6: 점수 | AJ6: 환산점수 | AM6: =Y5 -> 비교1안(PCC Slab 46cm) | AN6: =AB5 -> 비교2안(PCC Slab 50cm) | AR6: =AM6 -> 비교1안(PCC Slab 46cm) | AS6: =AN6 -> 비교2안(PCC Slab 50cm)
C7: Alt.#1 | D7: =IF(AND((D$5>=1),(D$5<'6a-Hierarchy'!$E$8))," ",IF(D$5='6a-Hierarchy'!$E$8,D$5,"")) | E7: =IF(AND((E$5>=1),(E$5<'6a-Hierarchy'!$E$8))," ",IF(E$5='6a-Hierarchy'!$E$8,E$5,"")) | F7: =IF(AND((F$5>=1),(F$5<'6a-Hierarchy'!$E$8))," ",IF(F$5='6a-Hierarchy'!$E$8,F$5,"")) | G7: =IF(AND((G$5>=1),(G$5<'6a-Hierarchy'!$E$8))," ",IF(G$5='6a-Hierarchy'!$E$8,G$5,"")) -> 4 | H7: =IF(AND((H$5>=1),(H$5<'6a-Hierarchy'!$E$8))," ",IF(H$5='6a-Hierarchy'!$E$8,H$5,"")) | I7: =IF(AND((I$5>=1),(I$5<'6a-Hierarchy'!$E$8))," ",IF(I$5='6a-Hierarchy'!$E$8,I$5,"")) | J7: =IF(AND((J$5>=1),(J$5<'6a-Hierarchy'!$E$8))," ",IF(J$5='6a-Hierarchy'!$E$8,J$5,"")) | K7: =IF(AND((K$5>=1),(K$5<'6a-Hierarchy'!$E$8))," ",IF(K$5='6a-Hierarchy'!$E$8,K$5,"")) | ... M7: =IF(AND((M$5>=1),(M$5<'6a-Hierarchy'!$E$8))," ",IF(M$5='6a-Hierarchy'!$E$8,M$5,"")) | N7: =$B$6*SUM(D7:M7) -> 65.2 | P7: =N7*$F$50 -> 13.04 | V7: 성능 평가 | W7: =A6 -> 시공성 | X7: =B6/100 -> 0.163 | Y7: ='4a-Rating Rationale (1)'!D4 -> 5 | Z7: =N6 -> 81.5 | AA7: =P6 -> 16.3 | AB7: ='4b-Rating Rationale (2)'!D4 -> 4 | AC7: =N7 -> 65.2 | AD7: =P7 -> 13.04 | AE7: ='4c-Rating Rationale (3)'!D4 -> 0 | AF7: =N8 -> 0 | AG7: =P8 -> 0 | AH7: ='4d-Rating Rationale (4)'!D4 -> 0 | AI7: =N9 -> 0 | AJ7: =P9 -> 0 | AL7: =W7 -> 시공성 | AM7: =Y7 -> 5 | AN7: =AB7 -> 4 | AQ7: 성능 | AR7: =Y21 -> 100 | AS7: =AB21 -> 115
C8: Alt.#2 | D8: =IF(AND((D$5>=1),(D$5<'6a-Hierarchy'!$F$8))," ",IF(D$5='6a-Hierarchy'!$F$8,D$5,"")) | E8: =IF(AND((E$5>=1),(E$5<'6a-Hierarchy'!$F$8))," ",IF(E$5='6a-Hierarchy'!$F$8,E$5,"")) | F8: =IF(AND((F$5>=1),(F$5<'6a-Hierarchy'!$F$8))," ",IF(F$5='6a-Hierarchy'!$F$8,F$5,"")) | G8: =IF(AND((G$5>=1),(G$5<'6a-Hierarchy'!$F$8))," ",IF(G$5='6a-Hierarchy'!$F$8,G$5,"")) | H8: =IF(AND((H$5>=1),(H$5<'6a-Hierarchy'!$F$8))," ",IF(H$5='6a-Hierarchy'!$F$8,H$5,"")) | I8: =IF(AND((I$5>=1),(I$5<'6a-Hierarchy'!$F$8))," ",IF(I$5='6a-Hierarchy'!$F$8,I$5,"")) | J8: =IF(AND((J$5>=1),(J$5<'6a-Hierarchy'!$F$8))," ",IF(J$5='6a-Hierarchy'!$F$8,J$5,"")) | K8: =IF(AND((K$5>=1),(K$5<'6a-Hierarchy'!$F$8))," ",IF(K$5='6a-Hierarchy'!$F$8,K$5,"")) | ... M8: =IF(AND((M$5>=1),(M$5<'6a-Hierarchy'!$F$8))," ",IF(M$5='6a-Hierarchy'!$F$8,M$5,"")) | N8: =$B$6*SUM(D8:M8) -> 0 | P8: =N8*$F$50 -> 0 | W8: =A10 -> 유지관리성 | X8: =B10/100 -> 0.142 | Y8: ='4a-Rating Rationale (1)'!D8 -> 5 | Z8: =N10 -> 71 | AA8: =P10 -> 14.2 | AB8: ='4b-Rating Rationale (2)'!D8 -> 6 | AC8: =N11 -> 85.2 | AD8: =P11 -> 17.04 | AE8: ='4c-Rating Rationale (3)'!D8 -> 0 | AF8: =N12 -> 0 | AG8: =P12 -> 0 | AH8: ='4d-Rating Rationale (4)'!D8 -> 0 | AI8: =N13 -> 0 | AJ8: =P13 -> 0 | AL8: =W8 -> 유지관리성 | AM8: =Y8 -> 5 | AN8: =AB8 -> 6 | AQ8: LCC | AR8: =Y22 -> 1 | AS8: =AB22 -> 0.89635395
C9: Alt.#3 | D9: =IF(AND((D$5>=1),(D$5<'6a-Hierarchy'!$G$8))," ",IF(D$5='6a-Hierarchy'!$G$8,D$5,"")) | E9: =IF(AND((E$5>=1),(E$5<'6a-Hierarchy'!$G$8))," ",IF(E$5='6a-Hierarchy'!$G$8,E$5,"")) | F9: =IF(AND((F$5>=1),(F$5<'6a-Hierarchy'!$G$8))," ",IF(F$5='6a-Hierarchy'!$G$8,F$5,"")) | G9: =IF(AND((G$5>=1),(G$5<'6a-Hierarchy'!$G$8))," ",IF(G$5='6a-Hierarchy'!$G$8,G$5,"")) | H9: =IF(AND((H$5>=1),(H$5<'6a-Hierarchy'!$G$8))," ",IF(H$5='6a-Hierarchy'!$G$8,H$5,"")) | I9: =IF(AND((I$5>=1),(I$5<'6a-Hierarchy'!$G$8))," ",IF(I$5='6a-Hierarchy'!$G$8,I$5,"")) | J9: =IF(AND((J$5>=1),(J$5<'6a-Hierarchy'!$G$8))," ",IF(J$5='6a-Hierarchy'!$G$8,J$5,"")) | K9: =IF(AND((K$5>=1),(K$5<'6a-Hierarchy'!$G$8))," ",IF(K$5='6a-Hierarchy'!$G$8,K$5,"")) | ... M9: =IF(AND((M$5>=1),(M$5<'6a-Hierarchy'!$G$8))," ",IF(M$5='6a-Hierarchy'!$G$8,M$5,"")) | N9: =$B$6*SUM(D9:M9) -> 0 | P9: =N9*$F$50 -> 0 | W9: =A14 -> 내구성 | X9: =B14/100 -> 0.129 | Y9: ='4a-Rating Rationale (1)'!D12 -> 5 | Z9: =N14 -> 64.5 | AA9: =P14 -> 12.9 | AB9: ='4b-Rating Rationale (2)'!D12 -> 10 | AC9: =N15 -> 129 | AD9: =P15 -> 25.8 | AE9: ='4c-Rating Rationale (3)'!D12 -> 0 | AF9: =N16 -> 0 | AG9: =P16 -> 0 | AH9: ='4d-Rating Rationale (4)'!D12 -> 0 | AI9: =N17 -> 0 | AJ9: =P17 -> 0 | AL9: =W9 -> 내구성 | AM9: =Y9 -> 5 | AN9: =AB9 -> 10 | AQ9: 가치 | AR9: =Y23 -> 100 | AS9: =AB23 -> 128.3
A10: ='1a-Performance'!A6 -> 유지관리성 | B10: ='3a-Attribute Rating(A)'!P7*100 -> 14.2 | C10: Baseline | D10: =IF(AND((D$5>=1),(D$5<'6a-Hierarchy'!$D$12))," ",IF(D$5='6a-Hierarchy'!$D$12,D$5,"")) | E10: =IF(AND((E$5>=1),(E$5<'6a-Hierarchy'!$D$12))," ",IF(E$5='6a-Hierarchy'!$D$12,E$5,"")) | F10: =IF(AND((F$5>=1),(F$5<'6a-Hierarchy'!$D$12))," ",IF(F$5='6a-Hierarchy'!$D$12,F$5,"")) | G10: =IF(AND((G$5>=1),(G$5<'6a-Hierarchy'!$D$12))," ",IF(G$5='6a-Hierarchy'!$D$12,G$5,"")) | H10: =IF(AND((H$5>=1),(H$5<'6a-Hierarchy'!$D$12))," ",IF(H$5='6a-Hierarchy'!$D$12,H$5,"")) -> 5 | I10: =IF(AND((I$5>=1),(I$5<'6a-Hierarchy'!$D$12))," ",IF(I$5='6a-Hierarchy'!$D$12,I$5,"")) | J10: =IF(AND((J$5>=1),(J$5<'6a-Hierarchy'!$D$12))," ",IF(J$5='6a-Hierarchy'!$D$12,J$5,"")) | K10: =IF(AND((K$5>=1),(K$5<'6a-Hierarchy'!$D$12))," ",IF(K$5='6a-Hierarchy'!$D$12,K$5,"")) | ... M10: =IF(AND((M$5>=1),(M$5<'6a-Hierarchy'!$D$12))," ",IF(M$5='6a-Hierarchy'!$D$12,M$5,"")) | N10: =$B$10*SUM(D10:M10) -> 71 | P10: =N10*$F$50 -> 14.2 | W10: =A18 -> 이용편의성 | X10: =B18/100 -> 0.117 | Y10: ='4a-Rating Rationale (1)'!D16 -> 5 | Z10: =N18 -> 58.5 | AA10: =P18 -> 11.7 | AB10: ='4b-Rating Rationale (2)'!D16 -> 5 | AC10: =N19 -> 58.5 | AD10: =P19 -> 11.7 | AE10: ='4c-Rating Rationale (3)'!D16 -> 0 | AF10: =N20 -> 0 | AG10: =P20 -> 0 | AH10: ='4d-Rating Rationale (4)'!D16 -> 0 | AI10: =N21 -> 0 | AJ10: =P21 -> 0 | AL10: =W10 -> 이용편의성 | AM10: =Y10 -> 5 | AN10: =AB10 -> 5
C11: Alt.#1 | D11: =IF(AND((D$5>=1),(D$5<'6a-Hierarchy'!$E$12))," ",IF(D$5='6a-Hierarchy'!$E$12,D$5,"")) | E11: =IF(AND((E$5>=1),(E$5<'6a-Hierarchy'!$E$12))," ",IF(E$5='6a-Hierarchy'!$E$12,E$5,"")) | F11: =IF(AND((F$5>=1),(F$5<'6a-Hierarchy'!$E$12))," ",IF(F$5='6a-Hierarchy'!$E$12,F$5,"")) | G11: =IF(AND((G$5>=1),(G$5<'6a-Hierarchy'!$E$12))," ",IF(G$5='6a-Hierarchy'!$E$12,G$5,"")) | H11: =IF(AND((H$5>=1),(H$5<'6a-Hierarchy'!$E$12))," ",IF(H$5='6a-Hierarchy'!$E$12,H$5,"")) | I11: =IF(AND((I$5>=1),(I$5<'6a-Hierarchy'!$E$12))," ",IF(I$5='6a-Hierarchy'!$E$12,I$5,"")) -> 6 | J11: =IF(AND((J$5>=1),(J$5<'6a-Hierarchy'!$E$12))," ",IF(J$5='6a-Hierarchy'!$E$12,J$5,"")) | K11: =IF(AND((K$5>=1),(K$5<'6a-Hierarchy'!$E$12))," ",IF(K$5='6a-Hierarchy'!$E$12,K$5,"")) | ... M11: =IF(AND((M$5>=1),(M$5<'6a-Hierarchy'!$E$12))," ",IF(M$5='6a-Hierarchy'!$E$12,M$5,"")) | N11: =$B$10*SUM(D11:M11) -> 85.2 | P11: =N11*$F$50 -> 17.04 | W11: =A22 -> 친환경성 | X11: =B22/100 -> 0.098 | Y11: ='4a-Rating Rationale (1)'!D20 -> 5 | Z11: =N22 -> 49 | AA11: =P22 -> 9.8 | AB11: ='4b-Rating Rationale (2)'!D20 -> 5 | AC11: =N23 -> 49 | AD11: =P23 -> 9.8 | AE11: ='4c-Rating Rationale (3)'!D20 -> 0 | AF11: =N24 -> 0 | AG11: =P24 -> 0 | AH11: ='4d-Rating Rationale (4)'!D20 -> 0 | AI11: =N25 -> 0 | AJ11: =P25 -> 0 | AL11: =W11 -> 친환경성 | AM11: =Y11 -> 5 | AN11: =AB11 -> 5
C12: Alt.#2 | D12: =IF(AND((D$5>=1),(D$5<'6a-Hierarchy'!$F$12))," ",IF(D$5='6a-Hierarchy'!$F$12,D$5,"")) | E12: =IF(AND((E$5>=1),(E$5<'6a-Hierarchy'!$F$12))," ",IF(E$5='6a-Hierarchy'!$F$12,E$5,"")) | F12: =IF(AND((F$5>=1),(F$5<'6a-Hierarchy'!$F$12))," ",IF(F$5='6a-Hierarchy'!$F$12,F$5,"")) | G12: =IF(AND((G$5>=1),(G$5<'6a-Hierarchy'!$F$12))," ",IF(G$5='6a-Hierarchy'!$F$12,G$5,"")) | H12: =IF(AND((H$5>=1),(H$5<'6a-Hierarchy'!$F$12))," ",IF(H$5='6a-Hierarchy'!$F$12,H$5,"")) | I12: =IF(AND((I$5>=1),(I$5<'6a-Hierarchy'!$F$12))," ",IF(I$5='6a-Hierarchy'!$F$12,I$5,"")) | J12: =IF(AND((J$5>=1),(J$5<'6a-Hierarchy'!$F$12))," ",IF(J$5='6a-Hierarchy'!$F$12,J$5,"")) | K12: =IF(AND((K$5>=1),(K$5<'6a-Hierarchy'!$F$12))," ",IF(K$5='6a-Hierarchy'!$F$12,K$5,"")) | ... M12: =IF(AND((M$5>=1),(M$5<'6a-Hierarchy'!$F$12))," ",IF(M$5='6a-Hierarchy'!$F$12,M$5,"")) | N12: =$B$10*SUM(D12:M12) -> 0 | P12: =N12*$F$50 -> 0 | W12: =A26 -> 배수성 | X12: =B26/100 -> 0.109 | Y12: ='4a-Rating Rationale (1)'!D24 -> 5 | Z12: =N26 -> 54.5 | AA12: =P26 -> 10.9 | AB12: ='4b-Rating Rationale (2)'!D24 -> 5 | AC12: =N27 -> 54.5 | AD12: =P27 -> 10.9 | AE12: ='4c-Rating Rationale (3)'!D24 -> 0 | AF12: =N28 -> 0 | AG12: =P28 -> 0 | AH12: ='4d-Rating Rationale (4)'!D24 -> 0 | AI12: =N29 -> 0 | AJ12: =P29 -> 0 | AL12: =W12 -> 배수성 | AM12: =Y12 -> 5 | AN12: =AB12 -> 5
C13: Alt.#3 | D13: =IF(AND((D$5>=1),(D$5<'6a-Hierarchy'!$G$12))," ",IF(D$5='6a-Hierarchy'!$G$12,D$5,"")) | E13: =IF(AND((E$5>=1),(E$5<'6a-Hierarchy'!$G$12))," ",IF(E$5='6a-Hierarchy'!$G$12,E$5,"")) | F13: =IF(AND((F$5>=1),(F$5<'6a-Hierarchy'!$G$12))," ",IF(F$5='6a-Hierarchy'!$G$12,F$5,"")) | G13: =IF(AND((G$5>=1),(G$5<'6a-Hierarchy'!$G$12))," ",IF(G$5='6a-Hierarchy'!$G$12,G$5,"")) | H13: =IF(AND((H$5>=1),(H$5<'6a-Hierarchy'!$G$12))," ",IF(H$5='6a-Hierarchy'!$G$12,H$5,"")) | I13: =IF(AND((I$5>=1),(I$5<'6a-Hierarchy'!$G$12))," ",IF(I$5='6a-Hierarchy'!$G$12,I$5,"")) | J13: =IF(AND((J$5>=1),(J$5<'6a-Hierarchy'!$G$12))," ",IF(J$5='6a-Hierarchy'!$G$12,J$5,"")) | K13: =IF(AND((K$5>=1),(K$5<'6a-Hierarchy'!$G$12))," ",IF(K$5='6a-Hierarchy'!$G$12,K$5,"")) | ... M13: =IF(AND((M$5>=1),(M$5<'6a-Hierarchy'!$G$12))," ",IF(M$5='6a-Hierarchy'!$G$12,M$5,"")) | N13: =$B$10*SUM(D13:M13) -> 0 | P13: =N13*$F$50 -> 0 | W13: =A30 -> 교통안전성 | X13: =B30/100 -> 0.118 | Y13: ='4a-Rating Rationale (1)'!D28 -> 5 | Z13: =N30 -> 59 | AA13: =P30 -> 11.8 | AB13: ='4b-Rating Rationale (2)'!D28 -> 5 | AC13: =N31 -> 59 | AD13: =P31 -> 11.8 | AE13: ='4c-Rating Rationale (3)'!D28 -> 0 | AF13: =N32 -> 0 | AG13: =P32 -> 0 | AH13: ='4d-Rating Rationale (4)'!D28 -> 0 | AI13: =N33 -> 0 | AJ13: =P33 -> 0 | AL13: =W13 -> 교통안전성 | AM13: =Y13 -> 5 | AN13: =AB13 -> 5
A14: ='1a-Performance'!A7 -> 내구성 | B14: ='3a-Attribute Rating(A)'!P8*100 -> 12.9 | C14: Baseline | D14: =IF(AND((D$5>=1),(D$5<'6a-Hierarchy'!$D$16))," ",IF(D$5='6a-Hierarchy'!$D$16,D$5,"")) | E14: =IF(AND((E$5>=1),(E$5<'6a-Hierarchy'!$D$16))," ",IF(E$5='6a-Hierarchy'!$D$16,E$5,"")) | F14: =IF(AND((F$5>=1),(F$5<'6a-Hierarchy'!$D$16))," ",IF(F$5='6a-Hierarchy'!$D$16,F$5,"")) | G14: =IF(AND((G$5>=1),(G$5<'6a-Hierarchy'!$D$16))," ",IF(G$5='6a-Hierarchy'!$D$16,G$5,"")) | H14: =IF(AND((H$5>=1),(H$5<'6a-Hierarchy'!$D$16))," ",IF(H$5='6a-Hierarchy'!$D$16,H$5,"")) -> 5 | I14: =IF(AND((I$5>=1),(I$5<'6a-Hierarchy'!$D$16))," ",IF(I$5='6a-Hierarchy'!$D$16,I$5,"")) | J14: =IF(AND((J$5>=1),(J$5<'6a-Hierarchy'!$D$16))," ",IF(J$5='6a-Hierarchy'!$D$16,J$5,"")) | K14: =IF(AND((K$5>=1),(K$5<'6a-Hierarchy'!$D$16))," ",IF(K$5='6a-Hierarchy'!$D$16,K$5,"")) | ... M14: =IF(AND((M$5>=1),(M$5<'6a-Hierarchy'!$D$16))," ",IF(M$5='6a-Hierarchy'!$D$16,M$5,"")) | N14: =$B$14*SUM(D14:M14) -> 64.5 | P14: =N14*$F$50 -> 12.9 | W14: =A34 -> 민원성 | X14: =B34/100 -> 0.124 | Y14: ='4a-Rating Rationale (1)'!D32 -> 5 | Z14: =N34 -> 62 | AA14: =P34 -> 12.4 | AB14: ='4b-Rating Rationale (2)'!D32 -> 6 | AC14: =N35 -> 74.4 | AD14: =P35 -> 14.88 | AE14: ='4c-Rating Rationale (3)'!D32 -> 0 | AF14: =N36 -> 0 | AG14: =P36 -> 0 | AH14: ='4d-Rating Rationale (4)'!D32 -> 0 | AI14: =N37 -> 0 | AJ14: =P37 -> 0 | AL14: =W14 -> 민원성 | AM14: =Y14 -> 5 | AN14: =AB14 -> 6
C15: Alt.#1 | D15: =IF(AND((D$5>=1),(D$5<'6a-Hierarchy'!$E$16))," ",IF(D$5='6a-Hierarchy'!$E$16,D$5,"")) | E15: =IF(AND((E$5>=1),(E$5<'6a-Hierarchy'!$E$16))," ",IF(E$5='6a-Hierarchy'!$E$16,E$5,"")) | F15: =IF(AND((F$5>=1),(F$5<'6a-Hierarchy'!$E$16))," ",IF(F$5='6a-Hierarchy'!$E$16,F$5,"")) | G15: =IF(AND((G$5>=1),(G$5<'6a-Hierarchy'!$E$16))," ",IF(G$5='6a-Hierarchy'!$E$16,G$5,"")) | H15: =IF(AND((H$5>=1),(H$5<'6a-Hierarchy'!$E$16))," ",IF(H$5='6a-Hierarchy'!$E$16,H$5,"")) | I15: =IF(AND((I$5>=1),(I$5<'6a-Hierarchy'!$E$16))," ",IF(I$5='6a-Hierarchy'!$E$16,I$5,"")) | J15: =IF(AND((J$5>=1),(J$5<'6a-Hierarchy'!$E$16))," ",IF(J$5='6a-Hierarchy'!$E$16,J$5,"")) | K15: =IF(AND((K$5>=1),(K$5<'6a-Hierarchy'!$E$16))," ",IF(K$5='6a-Hierarchy'!$E$16,K$5,"")) | ... M15: =IF(AND((M$5>=1),(M$5<'6a-Hierarchy'!$E$16))," ",IF(M$5='6a-Hierarchy'!$E$16,M$5,"")) -> 10 | N15: =$B$14*SUM(D15:M15) -> 129 | P15: =N15*$F$50 -> 25.8 | W15: 합계 | X15: =SUM(X7:X14) -> 1 | Y15: =SUM(Y7:Y14) -> 40 | Z15: =SUM(Z7:Z14) -> 500 | AA15: =SUM(AA7:AA14) -> 100 | AB15: =SUM(AB7:AB14) -> 46 | AC15: =SUM(AC7:AC14) -> 574.8 | AD15: =SUM(AD7:AD14) -> 114.96 | AE15: =SUM(AE7:AE14) -> 0 | ... AJ15: =SUM(AJ7:AJ14) -> 0 | AL15: =W15 -> 합계 | AM15: =Y15 -> 40 | AN15: =AB15 -> 46
C16: Alt.#2 | D16: =IF(AND((D$5>=1),(D$5<'6a-Hierarchy'!$F$16))," ",IF(D$5='6a-Hierarchy'!$F$16,D$5,"")) | E16: =IF(AND((E$5>=1),(E$5<'6a-Hierarchy'!$F$16))," ",IF(E$5='6a-Hierarchy'!$F$16,E$5,"")) | F16: =IF(AND((F$5>=1),(F$5<'6a-Hierarchy'!$F$16))," ",IF(F$5='6a-Hierarchy'!$F$16,F$5,"")) | G16: =IF(AND((G$5>=1),(G$5<'6a-Hierarchy'!$F$16))," ",IF(G$5='6a-Hierarchy'!$F$16,G$5,"")) | H16: =IF(AND((H$5>=1),(H$5<'6a-Hierarchy'!$F$16))," ",IF(H$5='6a-Hierarchy'!$F$16,H$5,"")) | I16: =IF(AND((I$5>=1),(I$5<'6a-Hierarchy'!$F$16))," ",IF(I$5='6a-Hierarchy'!$F$16,I$5,"")) | J16: =IF(AND((J$5>=1),(J$5<'6a-Hierarchy'!$F$16))," ",IF(J$5='6a-Hierarchy'!$F$16,J$5,"")) | K16: =IF(AND((K$5>=1),(K$5<'6a-Hierarchy'!$F$16))," ",IF(K$5='6a-Hierarchy'!$F$16,K$5,"")) | ... M16: =IF(AND((M$5>=1),(M$5<'6a-Hierarchy'!$F$16))," ",IF(M$5='6a-Hierarchy'!$F$16,M$5,"")) | N16: =$B$14*SUM(D16:M16) -> 0 | P16: =N16*$F$50 -> 0 | V16: LCC 평가 | W16: 초기투자비용 | Y16: ='5c-Life Cycle Cost (1)'!L15 -> 1490.11 | AB16: ='5c-Life Cycle Cost (1)'!M15 -> 1516.11 | AE16: ='5c-Life Cycle Cost (1)'!N15 -> 0 | AH16: ='5c-Life Cycle Cost (1)'!O15 -> 0
C17: Alt.#3 | D17: =IF(AND((D$5>=1),(D$5<'6a-Hierarchy'!$G$16))," ",IF(D$5='6a-Hierarchy'!$G$16,D$5,"")) | E17: =IF(AND((E$5>=1),(E$5<'6a-Hierarchy'!$G$16))," ",IF(E$5='6a-Hierarchy'!$G$16,E$5,"")) | F17: =IF(AND((F$5>=1),(F$5<'6a-Hierarchy'!$G$16))," ",IF(F$5='6a-Hierarchy'!$G$16,F$5,"")) | G17: =IF(AND((G$5>=1),(G$5<'6a-Hierarchy'!$G$16))," ",IF(G$5='6a-Hierarchy'!$G$16,G$5,"")) | H17: =IF(AND((H$5>=1),(H$5<'6a-Hierarchy'!$G$16))," ",IF(H$5='6a-Hierarchy'!$G$16,H$5,"")) | I17: =IF(AND((I$5>=1),(I$5<'6a-Hierarchy'!$G$16))," ",IF(I$5='6a-Hierarchy'!$G$16,I$5,"")) | J17: =IF(AND((J$5>=1),(J$5<'6a-Hierarchy'!$G$16))," ",IF(J$5='6a-Hierarchy'!$G$16,J$5,"")) | K17: =IF(AND((K$5>=1),(K$5<'6a-Hierarchy'!$G$16))," ",IF(K$5='6a-Hierarchy'!$G$16,K$5,"")) | ... M17: =IF(AND((M$5>=1),(M$5<'6a-Hierarchy'!$G$16))," ",IF(M$5='6a-Hierarchy'!$G$16,M$5,"")) | N17: =$B$14*SUM(D17:M17) -> 0 | P17: =N17*$F$50 -> 0 | W17: 유지관리비용 | Y17: ='5c-Life Cycle Cost (1)'!L16 -> 306.27986 | AB17: ='5c-Life Cycle Cost (1)'!M16 -> 94.091153 | AE17: ='5c-Life Cycle Cost (1)'!N16 -> 0 | AH17: ='5c-Life Cycle Cost (1)'!O16 -> 0 | AM17: =Y5 -> 비교1안(PCC Slab 46cm) | AN17: =AB5 -> 비교2안(PCC Slab 50cm)
A18: ='1a-Performance'!A8 -> 이용편의성 | B18: ='3a-Attribute Rating(A)'!P9*100 -> 11.7 | C18: Baseline | D18: =IF(AND((D$5>=1),(D$5<'6a-Hierarchy'!$D$20))," ",IF(D$5='6a-Hierarchy'!$D$20,D$5,"")) | E18: =IF(AND((E$5>=1),(E$5<'6a-Hierarchy'!$D$20))," ",IF(E$5='6a-Hierarchy'!$D$20,E$5,"")) | F18: =IF(AND((F$5>=1),(F$5<'6a-Hierarchy'!$D$20))," ",IF(F$5='6a-Hierarchy'!$D$20,F$5,"")) | G18: =IF(AND((G$5>=1),(G$5<'6a-Hierarchy'!$D$20))," ",IF(G$5='6a-Hierarchy'!$D$20,G$5,"")) | H18: =IF(AND((H$5>=1),(H$5<'6a-Hierarchy'!$D$20))," ",IF(H$5='6a-Hierarchy'!$D$20,H$5,"")) -> 5 | I18: =IF(AND((I$5>=1),(I$5<'6a-Hierarchy'!$D$20))," ",IF(I$5='6a-Hierarchy'!$D$20,I$5,"")) | J18: =IF(AND((J$5>=1),(J$5<'6a-Hierarchy'!$D$20))," ",IF(J$5='6a-Hierarchy'!$D$20,J$5,"")) | K18: =IF(AND((K$5>=1),(K$5<'6a-Hierarchy'!$D$20))," ",IF(K$5='6a-Hierarchy'!$D$20,K$5,"")) | ... M18: =IF(AND((M$5>=1),(M$5<'6a-Hierarchy'!$D$20))," ",IF(M$5='6a-Hierarchy'!$D$20,M$5,"")) | N18: =$B$18*SUM(D18:M18) -> 58.5 | P18: =N18*$F$50 -> 11.7 | W18: 해체폐기비용 | Y18: ='5c-Life Cycle Cost (1)'!L17 -> 0 | AB18: ='5c-Life Cycle Cost (1)'!M17 -> 0 | AE18: ='5c-Life Cycle Cost (1)'!N17 -> 0 | AH18: ='5c-Life Cycle Cost (1)'!O17 -> 0 | AL18: 초기공사비 | AM18: =Y16 -> 1490.11 | AN18: =AB16 -> 1516.11
C19: Alt.#1 | D19: =IF(AND((D$5>=1),(D$5<'6a-Hierarchy'!$E$20))," ",IF(D$5='6a-Hierarchy'!$E$20,D$5,"")) | E19: =IF(AND((E$5>=1),(E$5<'6a-Hierarchy'!$E$20))," ",IF(E$5='6a-Hierarchy'!$E$20,E$5,"")) | F19: =IF(AND((F$5>=1),(F$5<'6a-Hierarchy'!$E$20))," ",IF(F$5='6a-Hierarchy'!$E$20,F$5,"")) | G19: =IF(AND((G$5>=1),(G$5<'6a-Hierarchy'!$E$20))," ",IF(G$5='6a-Hierarchy'!$E$20,G$5,"")) | H19: =IF(AND((H$5>=1),(H$5<'6a-Hierarchy'!$E$20))," ",IF(H$5='6a-Hierarchy'!$E$20,H$5,"")) -> 5 | I19: =IF(AND((I$5>=1),(I$5<'6a-Hierarchy'!$E$20))," ",IF(I$5='6a-Hierarchy'!$E$20,I$5,"")) | J19: =IF(AND((J$5>=1),(J$5<'6a-Hierarchy'!$E$20))," ",IF(J$5='6a-Hierarchy'!$E$20,J$5,"")) | K19: =IF(AND((K$5>=1),(K$5<'6a-Hierarchy'!$E$20))," ",IF(K$5='6a-Hierarchy'!$E$20,K$5,"")) | ... M19: =IF(AND((M$5>=1),(M$5<'6a-Hierarchy'!$E$20))," ",IF(M$5='6a-Hierarchy'!$E$20,M$5,"")) | N19: =$B$18*SUM(D19:M19) -> 58.5 | P19: =N19*$F$50 -> 11.7 | W19: 생애주기비용 | Y19: ='5c-Life Cycle Cost (1)'!L18 -> 1796.3899 | AB19: ='5c-Life Cycle Cost (1)'!M18 -> 1610.2012 | AE19: ='5c-Life Cycle Cost (1)'!N18 -> 0 | AH19: ='5c-Life Cycle Cost (1)'!O18 -> 0 | AL19: 유지관리비 | AM19: =Y17 -> 306.27986 | AN19: =AB17 -> 94.091153
C20: Alt.#2 | D20: =IF(AND((D$5>=1),(D$5<'6a-Hierarchy'!$F$20))," ",IF(D$5='6a-Hierarchy'!$F$20,D$5,"")) | E20: =IF(AND((E$5>=1),(E$5<'6a-Hierarchy'!$F$20))," ",IF(E$5='6a-Hierarchy'!$F$20,E$5,"")) | F20: =IF(AND((F$5>=1),(F$5<'6a-Hierarchy'!$F$20))," ",IF(F$5='6a-Hierarchy'!$F$20,F$5,"")) | G20: =IF(AND((G$5>=1),(G$5<'6a-Hierarchy'!$F$20))," ",IF(G$5='6a-Hierarchy'!$F$20,G$5,"")) | H20: =IF(AND((H$5>=1),(H$5<'6a-Hierarchy'!$F$20))," ",IF(H$5='6a-Hierarchy'!$F$20,H$5,"")) | I20: =IF(AND((I$5>=1),(I$5<'6a-Hierarchy'!$F$20))," ",IF(I$5='6a-Hierarchy'!$F$20,I$5,"")) | J20: =IF(AND((J$5>=1),(J$5<'6a-Hierarchy'!$F$20))," ",IF(J$5='6a-Hierarchy'!$F$20,J$5,"")) | K20: =IF(AND((K$5>=1),(K$5<'6a-Hierarchy'!$F$20))," ",IF(K$5='6a-Hierarchy'!$F$20,K$5,"")) | ... M20: =IF(AND((M$5>=1),(M$5<'6a-Hierarchy'!$F$20))," ",IF(M$5='6a-Hierarchy'!$F$20,M$5,"")) | N20: =$B$18*SUM(D20:M20) -> 0 | P20: =N20*$F$50 -> 0 | W20: 비용지수 | Y20: =J50 -> 1 | AB20: =J51 -> 0.89635395 | AE20: =J52 -> 0 | AH20: =J53 -> 0 | AL20: LCC | AM20: =Y19 -> 1796.3899 | AN20: =AB19 -> 1610.2012
C21: Alt.#3 | D21: =IF(AND((D$5>=1),(D$5<'6a-Hierarchy'!$G$20))," ",IF(D$5='6a-Hierarchy'!$G$20,D$5,"")) | E21: =IF(AND((E$5>=1),(E$5<'6a-Hierarchy'!$G$20))," ",IF(E$5='6a-Hierarchy'!$G$20,E$5,"")) | F21: =IF(AND((F$5>=1),(F$5<'6a-Hierarchy'!$G$20))," ",IF(F$5='6a-Hierarchy'!$G$20,F$5,"")) | G21: =IF(AND((G$5>=1),(G$5<'6a-Hierarchy'!$G$20))," ",IF(G$5='6a-Hierarchy'!$G$20,G$5,"")) | H21: =IF(AND((H$5>=1),(H$5<'6a-Hierarchy'!$G$20))," ",IF(H$5='6a-Hierarchy'!$G$20,H$5,"")) | I21: =IF(AND((I$5>=1),(I$5<'6a-Hierarchy'!$G$20))," ",IF(I$5='6a-Hierarchy'!$G$20,I$5,"")) | J21: =IF(AND((J$5>=1),(J$5<'6a-Hierarchy'!$G$20))," ",IF(J$5='6a-Hierarchy'!$G$20,J$5,"")) | K21: =IF(AND((K$5>=1),(K$5<'6a-Hierarchy'!$G$20))," ",IF(K$5='6a-Hierarchy'!$G$20,K$5,"")) | ... M21: =IF(AND((M$5>=1),(M$5<'6a-Hierarchy'!$G$20))," ",IF(M$5='6a-Hierarchy'!$G$20,M$5,"")) | N21: =$B$18*SUM(D21:M21) -> 0 | P21: =N21*$F$50 -> 0 | U21: 성능 | V21: VE 결과 | W21: 성능점수 | Y21: =H50 -> 100 | AB21: =H51 -> 115 | AE21: =H52 -> 0 | AH21: =H53 -> 0
A22: ='1a-Performance'!A9 -> 친환경성 | B22: ='3a-Attribute Rating(A)'!P10*100 -> 9.8 | C22: Baseline | D22: =IF(AND((D$5>=1),(D$5<'6a-Hierarchy'!$D$24))," ",IF(D$5='6a-Hierarchy'!$D$24,D$5,"")) | E22: =IF(AND((E$5>=1),(E$5<'6a-Hierarchy'!$D$24))," ",IF(E$5='6a-Hierarchy'!$D$24,E$5,"")) | F22: =IF(AND((F$5>=1),(F$5<'6a-Hierarchy'!$D$24))," ",IF(F$5='6a-Hierarchy'!$D$24,F$5,"")) | G22: =IF(AND((G$5>=1),(G$5<'6a-Hierarchy'!$D$24))," ",IF(G$5='6a-Hierarchy'!$D$24,G$5,"")) | H22: =IF(AND((H$5>=1),(H$5<'6a-Hierarchy'!$D$24))," ",IF(H$5='6a-Hierarchy'!$D$24,H$5,"")) -> 5 | I22: =IF(AND((I$5>=1),(I$5<'6a-Hierarchy'!$D$24))," ",IF(I$5='6a-Hierarchy'!$D$24,I$5,"")) | J22: =IF(AND((J$5>=1),(J$5<'6a-Hierarchy'!$D$24))," ",IF(J$5='6a-Hierarchy'!$D$24,J$5,"")) | K22: =IF(AND((K$5>=1),(K$5<'6a-Hierarchy'!$D$24))," ",IF(K$5='6a-Hierarchy'!$D$24,K$5,"")) | ... M22: =IF(AND((M$5>=1),(M$5<'6a-Hierarchy'!$D$24))," ",IF(M$5='6a-Hierarchy'!$D$24,M$5,"")) | N22: =$B$22*SUM(D22:M22) -> 49 | P22: =N22*$F$50 -> 9.8 | U22: LCC | W22: 비용지수 | Y22: =J50 -> 1 | AB22: =J51 -> 0.89635395 | AE22: =J52 -> 0 | AH22: =J53 -> 0
C23: Alt.#1 | D23: =IF(AND((D$5>=1),(D$5<'6a-Hierarchy'!$E$24))," ",IF(D$5='6a-Hierarchy'!$E$24,D$5,"")) | E23: =IF(AND((E$5>=1),(E$5<'6a-Hierarchy'!$E$24))," ",IF(E$5='6a-Hierarchy'!$E$24,E$5,"")) | F23: =IF(AND((F$5>=1),(F$5<'6a-Hierarchy'!$E$24))," ",IF(F$5='6a-Hierarchy'!$E$24,F$5,"")) | G23: =IF(AND((G$5>=1),(G$5<'6a-Hierarchy'!$E$24))," ",IF(G$5='6a-Hierarchy'!$E$24,G$5,"")) | H23: =IF(AND((H$5>=1),(H$5<'6a-Hierarchy'!$E$24))," ",IF(H$5='6a-Hierarchy'!$E$24,H$5,"")) -> 5 | I23: =IF(AND((I$5>=1),(I$5<'6a-Hierarchy'!$E$24))," ",IF(I$5='6a-Hierarchy'!$E$24,I$5,"")) | J23: =IF(AND((J$5>=1),(J$5<'6a-Hierarchy'!$E$24))," ",IF(J$5='6a-Hierarchy'!$E$24,J$5,"")) | K23: =IF(AND((K$5>=1),(K$5<'6a-Hierarchy'!$E$24))," ",IF(K$5='6a-Hierarchy'!$E$24,K$5,"")) | ... M23: =IF(AND((M$5>=1),(M$5<'6a-Hierarchy'!$E$24))," ",IF(M$5='6a-Hierarchy'!$E$24,M$5,"")) | N23: =$B$22*SUM(D23:M23) -> 49 | P23: =N23*$F$50 -> 9.8 | U23: 가치 | W23: 가치점수 | Y23: =L50 -> 100 | AB23: =L51 -> 128.3 | AE23: =L52 -> 0 | AH23: =L53 -> 0
C24: Alt.#2 | D24: =IF(AND((D$5>=1),(D$5<'6a-Hierarchy'!$F$24))," ",IF(D$5='6a-Hierarchy'!$F$24,D$5,"")) | E24: =IF(AND((E$5>=1),(E$5<'6a-Hierarchy'!$F$24))," ",IF(E$5='6a-Hierarchy'!$F$24,E$5,"")) | F24: =IF(AND((F$5>=1),(F$5<'6a-Hierarchy'!$F$24))," ",IF(F$5='6a-Hierarchy'!$F$24,F$5,"")) | G24: =IF(AND((G$5>=1),(G$5<'6a-Hierarchy'!$F$24))," ",IF(G$5='6a-Hierarchy'!$F$24,G$5,"")) | H24: =IF(AND((H$5>=1),(H$5<'6a-Hierarchy'!$F$24))," ",IF(H$5='6a-Hierarchy'!$F$24,H$5,"")) | I24: =IF(AND((I$5>=1),(I$5<'6a-Hierarchy'!$F$24))," ",IF(I$5='6a-Hierarchy'!$F$24,I$5,"")) | J24: =IF(AND((J$5>=1),(J$5<'6a-Hierarchy'!$F$24))," ",IF(J$5='6a-Hierarchy'!$F$24,J$5,"")) | K24: =IF(AND((K$5>=1),(K$5<'6a-Hierarchy'!$F$24))," ",IF(K$5='6a-Hierarchy'!$F$24,K$5,"")) | ... M24: =IF(AND((M$5>=1),(M$5<'6a-Hierarchy'!$F$24))," ",IF(M$5='6a-Hierarchy'!$F$24,M$5,"")) | N24: =$B$22*SUM(D24:M24) -> 0 | P24: =N24*$F$50 -> 0 | W24: 선정안 | Y24: =N50 -> 0 | AB24: =N51 -> 가치혁신형 | AE24: =N52 -> 0 | AH24: =N53 -> 0
C25: Alt.#3 | D25: =IF(AND((D$5>=1),(D$5<'6a-Hierarchy'!$G$24))," ",IF(D$5='6a-Hierarchy'!$G$24,D$5,"")) | E25: =IF(AND((E$5>=1),(E$5<'6a-Hierarchy'!$G$24))," ",IF(E$5='6a-Hierarchy'!$G$24,E$5,"")) | F25: =IF(AND((F$5>=1),(F$5<'6a-Hierarchy'!$G$24))," ",IF(F$5='6a-Hierarchy'!$G$24,F$5,"")) | G25: =IF(AND((G$5>=1),(G$5<'6a-Hierarchy'!$G$24))," ",IF(G$5='6a-Hierarchy'!$G$24,G$5,"")) | H25: =IF(AND((H$5>=1),(H$5<'6a-Hierarchy'!$G$24))," ",IF(H$5='6a-Hierarchy'!$G$24,H$5,"")) | I25: =IF(AND((I$5>=1),(I$5<'6a-Hierarchy'!$G$24))," ",IF(I$5='6a-Hierarchy'!$G$24,I$5,"")) | J25: =IF(AND((J$5>=1),(J$5<'6a-Hierarchy'!$G$24))," ",IF(J$5='6a-Hierarchy'!$G$24,J$5,"")) | K25: =IF(AND((K$5>=1),(K$5<'6a-Hierarchy'!$G$24))," ",IF(K$5='6a-Hierarchy'!$G$24,K$5,"")) | ... M25: =IF(AND((M$5>=1),(M$5<'6a-Hierarchy'!$G$24))," ",IF(M$5='6a-Hierarchy'!$G$24,M$5,"")) | N25: =$B$22*SUM(D25:M25) -> 0 | P25: =N25*$F$50 -> 0
A26: ='1a-Performance'!A10 -> 배수성 | B26: ='3a-Attribute Rating(A)'!P11*100 -> 10.9 | C26: Baseline | D26: =IF(AND((D$5>=1),(D$5<'6a-Hierarchy'!$D$28))," ",IF(D$5='6a-Hierarchy'!$D$28,D$5,"")) | E26: =IF(AND((E$5>=1),(E$5<'6a-Hierarchy'!$D$28))," ",IF(E$5='6a-Hierarchy'!$D$28,E$5,"")) | F26: =IF(AND((F$5>=1),(F$5<'6a-Hierarchy'!$D$28))," ",IF(F$5='6a-Hierarchy'!$D$28,F$5,"")) | G26: =IF(AND((G$5>=1),(G$5<'6a-Hierarchy'!$D$28))," ",IF(G$5='6a-Hierarchy'!$D$28,G$5,"")) | H26: =IF(AND((H$5>=1),(H$5<'6a-Hierarchy'!$D$28))," ",IF(H$5='6a-Hierarchy'!$D$28,H$5,"")) -> 5 | I26: =IF(AND((I$5>=1),(I$5<'6a-Hierarchy'!$D$28))," ",IF(I$5='6a-Hierarchy'!$D$28,I$5,"")) | J26: =IF(AND((J$5>=1),(J$5<'6a-Hierarchy'!$D$28))," ",IF(J$5='6a-Hierarchy'!$D$28,J$5,"")) | K26: =IF(AND((K$5>=1),(K$5<'6a-Hierarchy'!$D$28))," ",IF(K$5='6a-Hierarchy'!$D$28,K$5,"")) | ... M26: =IF(AND((M$5>=1),(M$5<'6a-Hierarchy'!$D$28))," ",IF(M$5='6a-Hierarchy'!$D$28,M$5,"")) | N26: =$B$26*SUM(D26:M26) -> 54.5 | P26: =N26*$F$50 -> 10.9
C27: Alt.#1 | D27: =IF(AND((D$5>=1),(D$5<'6a-Hierarchy'!$E$28))," ",IF(D$5='6a-Hierarchy'!$E$28,D$5,"")) | E27: =IF(AND((E$5>=1),(E$5<'6a-Hierarchy'!$E$28))," ",IF(E$5='6a-Hierarchy'!$E$28,E$5,"")) | F27: =IF(AND((F$5>=1),(F$5<'6a-Hierarchy'!$E$28))," ",IF(F$5='6a-Hierarchy'!$E$28,F$5,"")) | G27: =IF(AND((G$5>=1),(G$5<'6a-Hierarchy'!$E$28))," ",IF(G$5='6a-Hierarchy'!$E$28,G$5,"")) | H27: =IF(AND((H$5>=1),(H$5<'6a-Hierarchy'!$E$28))," ",IF(H$5='6a-Hierarchy'!$E$28,H$5,"")) -> 5 | I27: =IF(AND((I$5>=1),(I$5<'6a-Hierarchy'!$E$28))," ",IF(I$5='6a-Hierarchy'!$E$28,I$5,"")) | J27: =IF(AND((J$5>=1),(J$5<'6a-Hierarchy'!$E$28))," ",IF(J$5='6a-Hierarchy'!$E$28,J$5,"")) | K27: =IF(AND((K$5>=1),(K$5<'6a-Hierarchy'!$E$28))," ",IF(K$5='6a-Hierarchy'!$E$28,K$5,"")) | ... M27: =IF(AND((M$5>=1),(M$5<'6a-Hierarchy'!$E$28))," ",IF(M$5='6a-Hierarchy'!$E$28,M$5,"")) | N27: =$B$26*SUM(D27:M27) -> 54.5 | P27: =N27*$F$50 -> 10.9
C28: Alt.#2 | D28: =IF(AND((D$5>=1),(D$5<'6a-Hierarchy'!$F$28))," ",IF(D$5='6a-Hierarchy'!$F$28,D$5,"")) | E28: =IF(AND((E$5>=1),(E$5<'6a-Hierarchy'!$F$28))," ",IF(E$5='6a-Hierarchy'!$F$28,E$5,"")) | F28: =IF(AND((F$5>=1),(F$5<'6a-Hierarchy'!$F$28))," ",IF(F$5='6a-Hierarchy'!$F$28,F$5,"")) | G28: =IF(AND((G$5>=1),(G$5<'6a-Hierarchy'!$F$28))," ",IF(G$5='6a-Hierarchy'!$F$28,G$5,"")) | H28: =IF(AND((H$5>=1),(H$5<'6a-Hierarchy'!$F$28))," ",IF(H$5='6a-Hierarchy'!$F$28,H$5,"")) | I28: =IF(AND((I$5>=1),(I$5<'6a-Hierarchy'!$F$28))," ",IF(I$5='6a-Hierarchy'!$F$28,I$5,"")) | J28: =IF(AND((J$5>=1),(J$5<'6a-Hierarchy'!$F$28))," ",IF(J$5='6a-Hierarchy'!$F$28,J$5,"")) | K28: =IF(AND((K$5>=1),(K$5<'6a-Hierarchy'!$F$28))," ",IF(K$5='6a-Hierarchy'!$F$28,K$5,"")) | ... M28: =IF(AND((M$5>=1),(M$5<'6a-Hierarchy'!$F$28))," ",IF(M$5='6a-Hierarchy'!$F$28,M$5,"")) | N28: =$B$26*SUM(D28:M28) -> 0 | P28: =N28*$F$50 -> 0
C29: Alt.#3 | D29: =IF(AND((D$5>=1),(D$5<'6a-Hierarchy'!$G$28))," ",IF(D$5='6a-Hierarchy'!$G$28,D$5,"")) | E29: =IF(AND((E$5>=1),(E$5<'6a-Hierarchy'!$G$28))," ",IF(E$5='6a-Hierarchy'!$G$28,E$5,"")) | F29: =IF(AND((F$5>=1),(F$5<'6a-Hierarchy'!$G$28))," ",IF(F$5='6a-Hierarchy'!$G$28,F$5,"")) | G29: =IF(AND((G$5>=1),(G$5<'6a-Hierarchy'!$G$28))," ",IF(G$5='6a-Hierarchy'!$G$28,G$5,"")) | H29: =IF(AND((H$5>=1),(H$5<'6a-Hierarchy'!$G$28))," ",IF(H$5='6a-Hierarchy'!$G$28,H$5,"")) | I29: =IF(AND((I$5>=1),(I$5<'6a-Hierarchy'!$G$28))," ",IF(I$5='6a-Hierarchy'!$G$28,I$5,"")) | J29: =IF(AND((J$5>=1),(J$5<'6a-Hierarchy'!$G$28))," ",IF(J$5='6a-Hierarchy'!$G$28,J$5,"")) | K29: =IF(AND((K$5>=1),(K$5<'6a-Hierarchy'!$G$28))," ",IF(K$5='6a-Hierarchy'!$G$28,K$5,"")) | ... M29: =IF(AND((M$5>=1),(M$5<'6a-Hierarchy'!$G$28))," ",IF(M$5='6a-Hierarchy'!$G$28,M$5,"")) | N29: =$B$26*SUM(D29:M29) -> 0 | P29: =N29*$F$50 -> 0
A30: ='1a-Performance'!A11 -> 교통안전성 | B30: ='3a-Attribute Rating(A)'!P12*100 -> 11.8 | C30: Baseline | D30: =IF(AND((D$5>=1),(D$5<'6a-Hierarchy'!$D$32))," ",IF(D$5='6a-Hierarchy'!$D$32,D$5,"")) | E30: =IF(AND((E$5>=1),(E$5<'6a-Hierarchy'!$D$32))," ",IF(E$5='6a-Hierarchy'!$D$32,E$5,"")) | F30: =IF(AND((F$5>=1),(F$5<'6a-Hierarchy'!$D$32))," ",IF(F$5='6a-Hierarchy'!$D$32,F$5,"")) | G30: =IF(AND((G$5>=1),(G$5<'6a-Hierarchy'!$D$32))," ",IF(G$5='6a-Hierarchy'!$D$32,G$5,"")) | H30: =IF(AND((H$5>=1),(H$5<'6a-Hierarchy'!$D$32))," ",IF(H$5='6a-Hierarchy'!$D$32,H$5,"")) -> 5 | I30: =IF(AND((I$5>=1),(I$5<'6a-Hierarchy'!$D$32))," ",IF(I$5='6a-Hierarchy'!$D$32,I$5,"")) | J30: =IF(AND((J$5>=1),(J$5<'6a-Hierarchy'!$D$32))," ",IF(J$5='6a-Hierarchy'!$D$32,J$5,"")) | K30: =IF(AND((K$5>=1),(K$5<'6a-Hierarchy'!$D$32))," ",IF(K$5='6a-Hierarchy'!$D$32,K$5,"")) | ... M30: =IF(AND((M$5>=1),(M$5<'6a-Hierarchy'!$D$32))," ",IF(M$5='6a-Hierarchy'!$D$32,M$5,"")) | N30: =$B$30*SUM(D30:M30) -> 59 | P30: =N30*$F$50 -> 11.8
C31: Alt.#1 | D31: =IF(AND((D$5>=1),(D$5<'6a-Hierarchy'!$E$32))," ",IF(D$5='6a-Hierarchy'!$E$32,D$5,"")) | E31: =IF(AND((E$5>=1),(E$5<'6a-Hierarchy'!$E$32))," ",IF(E$5='6a-Hierarchy'!$E$32,E$5,"")) | F31: =IF(AND((F$5>=1),(F$5<'6a-Hierarchy'!$E$32))," ",IF(F$5='6a-Hierarchy'!$E$32,F$5,"")) | G31: =IF(AND((G$5>=1),(G$5<'6a-Hierarchy'!$E$32))," ",IF(G$5='6a-Hierarchy'!$E$32,G$5,"")) | H31: =IF(AND((H$5>=1),(H$5<'6a-Hierarchy'!$E$32))," ",IF(H$5='6a-Hierarchy'!$E$32,H$5,"")) -> 5 | I31: =IF(AND((I$5>=1),(I$5<'6a-Hierarchy'!$E$32))," ",IF(I$5='6a-Hierarchy'!$E$32,I$5,"")) | J31: =IF(AND((J$5>=1),(J$5<'6a-Hierarchy'!$E$32))," ",IF(J$5='6a-Hierarchy'!$E$32,J$5,"")) | K31: =IF(AND((K$5>=1),(K$5<'6a-Hierarchy'!$E$32))," ",IF(K$5='6a-Hierarchy'!$E$32,K$5,"")) | ... M31: =IF(AND((M$5>=1),(M$5<'6a-Hierarchy'!$E$32))," ",IF(M$5='6a-Hierarchy'!$E$32,M$5,"")) | N31: =$B$30*SUM(D31:M31) -> 59 | P31: =N31*$F$50 -> 11.8
C32: Alt.#2 | D32: =IF(AND((D$5>=1),(D$5<'6a-Hierarchy'!$F$32))," ",IF(D$5='6a-Hierarchy'!$F$32,D$5,"")) | E32: =IF(AND((E$5>=1),(E$5<'6a-Hierarchy'!$F$32))," ",IF(E$5='6a-Hierarchy'!$F$32,E$5,"")) | F32: =IF(AND((F$5>=1),(F$5<'6a-Hierarchy'!$F$32))," ",IF(F$5='6a-Hierarchy'!$F$32,F$5,"")) | G32: =IF(AND((G$5>=1),(G$5<'6a-Hierarchy'!$F$32))," ",IF(G$5='6a-Hierarchy'!$F$32,G$5,"")) | H32: =IF(AND((H$5>=1),(H$5<'6a-Hierarchy'!$F$32))," ",IF(H$5='6a-Hierarchy'!$F$32,H$5,"")) | I32: =IF(AND((I$5>=1),(I$5<'6a-Hierarchy'!$F$32))," ",IF(I$5='6a-Hierarchy'!$F$32,I$5,"")) | J32: =IF(AND((J$5>=1),(J$5<'6a-Hierarchy'!$F$32))," ",IF(J$5='6a-Hierarchy'!$F$32,J$5,"")) | K32: =IF(AND((K$5>=1),(K$5<'6a-Hierarchy'!$F$32))," ",IF(K$5='6a-Hierarchy'!$F$32,K$5,"")) | ... M32: =IF(AND((M$5>=1),(M$5<'6a-Hierarchy'!$F$32))," ",IF(M$5='6a-Hierarchy'!$F$32,M$5,"")) | N32: =$B$30*SUM(D32:M32) -> 0 | P32: =N32*$F$50 -> 0
C33: Alt.#3 | D33: =IF(AND((D$5>=1),(D$5<'6a-Hierarchy'!$G$32))," ",IF(D$5='6a-Hierarchy'!$G$32,D$5,"")) | E33: =IF(AND((E$5>=1),(E$5<'6a-Hierarchy'!$G$32))," ",IF(E$5='6a-Hierarchy'!$G$32,E$5,"")) | F33: =IF(AND((F$5>=1),(F$5<'6a-Hierarchy'!$G$32))," ",IF(F$5='6a-Hierarchy'!$G$32,F$5,"")) | G33: =IF(AND((G$5>=1),(G$5<'6a-Hierarchy'!$G$32))," ",IF(G$5='6a-Hierarchy'!$G$32,G$5,"")) | H33: =IF(AND((H$5>=1),(H$5<'6a-Hierarchy'!$G$32))," ",IF(H$5='6a-Hierarchy'!$G$32,H$5,"")) | I33: =IF(AND((I$5>=1),(I$5<'6a-Hierarchy'!$G$32))," ",IF(I$5='6a-Hierarchy'!$G$32,I$5,"")) | J33: =IF(AND((J$5>=1),(J$5<'6a-Hierarchy'!$G$32))," ",IF(J$5='6a-Hierarchy'!$G$32,J$5,"")) | K33: =IF(AND((K$5>=1),(K$5<'6a-Hierarchy'!$G$32))," ",IF(K$5='6a-Hierarchy'!$G$32,K$5,"")) | ... M33: =IF(AND((M$5>=1),(M$5<'6a-Hierarchy'!$G$32))," ",IF(M$5='6a-Hierarchy'!$G$32,M$5,"")) | N33: =$B$30*SUM(D33:M33) -> 0 | P33: =N33*$F$50 -> 0
A34: ='1a-Performance'!A12 -> 민원성 | B34: ='3a-Attribute Rating(A)'!P13*100 -> 12.4 | C34: Baseline | D34: =IF(AND((D$5>=1),(D$5<'6a-Hierarchy'!$D$36))," ",IF(D$5='6a-Hierarchy'!$D$36,D$5,"")) | E34: =IF(AND((E$5>=1),(E$5<'6a-Hierarchy'!$D$36))," ",IF(E$5='6a-Hierarchy'!$D$36,E$5,"")) | F34: =IF(AND((F$5>=1),(F$5<'6a-Hierarchy'!$D$36))," ",IF(F$5='6a-Hierarchy'!$D$36,F$5,"")) | G34: =IF(AND((G$5>=1),(G$5<'6a-Hierarchy'!$D$36))," ",IF(G$5='6a-Hierarchy'!$D$36,G$5,"")) | H34: =IF(AND((H$5>=1),(H$5<'6a-Hierarchy'!$D$36))," ",IF(H$5='6a-Hierarchy'!$D$36,H$5,"")) -> 5 | I34: =IF(AND((I$5>=1),(I$5<'6a-Hierarchy'!$D$36))," ",IF(I$5='6a-Hierarchy'!$D$36,I$5,"")) | J34: =IF(AND((J$5>=1),(J$5<'6a-Hierarchy'!$D$36))," ",IF(J$5='6a-Hierarchy'!$D$36,J$5,"")) | K34: =IF(AND((K$5>=1),(K$5<'6a-Hierarchy'!$D$36))," ",IF(K$5='6a-Hierarchy'!$D$36,K$5,"")) | ... M34: =IF(AND((M$5>=1),(M$5<'6a-Hierarchy'!$D$36))," ",IF(M$5='6a-Hierarchy'!$D$36,M$5,"")) | N34: =$B$34*SUM(D34:M34) -> 62 | P34: =N34*$F$50 -> 12.4
C35: Alt.#1 | D35: =IF(AND((D$5>=1),(D$5<'6a-Hierarchy'!$E$36))," ",IF(D$5='6a-Hierarchy'!$E$36,D$5,"")) | E35: =IF(AND((E$5>=1),(E$5<'6a-Hierarchy'!$E$36))," ",IF(E$5='6a-Hierarchy'!$E$36,E$5,"")) | F35: =IF(AND((F$5>=1),(F$5<'6a-Hierarchy'!$E$36))," ",IF(F$5='6a-Hierarchy'!$E$36,F$5,"")) | G35: =IF(AND((G$5>=1),(G$5<'6a-Hierarchy'!$E$36))," ",IF(G$5='6a-Hierarchy'!$E$36,G$5,"")) | H35: =IF(AND((H$5>=1),(H$5<'6a-Hierarchy'!$E$36))," ",IF(H$5='6a-Hierarchy'!$E$36,H$5,"")) | I35: =IF(AND((I$5>=1),(I$5<'6a-Hierarchy'!$E$36))," ",IF(I$5='6a-Hierarchy'!$E$36,I$5,"")) -> 6 | J35: =IF(AND((J$5>=1),(J$5<'6a-Hierarchy'!$E$36))," ",IF(J$5='6a-Hierarchy'!$E$36,J$5,"")) | K35: =IF(AND((K$5>=1),(K$5<'6a-Hierarchy'!$E$36))," ",IF(K$5='6a-Hierarchy'!$E$36,K$5,"")) | ... M35: =IF(AND((M$5>=1),(M$5<'6a-Hierarchy'!$E$36))," ",IF(M$5='6a-Hierarchy'!$E$36,M$5,"")) | N35: =$B$34*SUM(D35:M35) -> 74.4 | P35: =N35*$F$50 -> 14.88
C36: Alt.#2 | D36: =IF(AND((D$5>=1),(D$5<'6a-Hierarchy'!$F$36))," ",IF(D$5='6a-Hierarchy'!$F$36,D$5,"")) | E36: =IF(AND((E$5>=1),(E$5<'6a-Hierarchy'!$F$36))," ",IF(E$5='6a-Hierarchy'!$F$36,E$5,"")) | F36: =IF(AND((F$5>=1),(F$5<'6a-Hierarchy'!$F$36))," ",IF(F$5='6a-Hierarchy'!$F$36,F$5,"")) | G36: =IF(AND((G$5>=1),(G$5<'6a-Hierarchy'!$F$36))," ",IF(G$5='6a-Hierarchy'!$F$36,G$5,"")) | H36: =IF(AND((H$5>=1),(H$5<'6a-Hierarchy'!$F$36))," ",IF(H$5='6a-Hierarchy'!$F$36,H$5,"")) | I36: =IF(AND((I$5>=1),(I$5<'6a-Hierarchy'!$F$36))," ",IF(I$5='6a-Hierarchy'!$F$36,I$5,"")) | J36: =IF(AND((J$5>=1),(J$5<'6a-Hierarchy'!$F$36))," ",IF(J$5='6a-Hierarchy'!$F$36,J$5,"")) | K36: =IF(AND((K$5>=1),(K$5<'6a-Hierarchy'!$F$36))," ",IF(K$5='6a-Hierarchy'!$F$36,K$5,"")) | ... M36: =IF(AND((M$5>=1),(M$5<'6a-Hierarchy'!$F$36))," ",IF(M$5='6a-Hierarchy'!$F$36,M$5,"")) | N36: =$B$34*SUM(D36:M36) -> 0 | P36: =N36*$F$50 -> 0
C37: Alt.#3 | D37: =IF(AND((D$5>=1),(D$5<'6a-Hierarchy'!$G$36))," ",IF(D$5='6a-Hierarchy'!$G$36,D$5,"")) | E37: =IF(AND((E$5>=1),(E$5<'6a-Hierarchy'!$G$36))," ",IF(E$5='6a-Hierarchy'!$G$36,E$5,"")) | F37: =IF(AND((F$5>=1),(F$5<'6a-Hierarchy'!$G$36))," ",IF(F$5='6a-Hierarchy'!$G$36,F$5,"")) | G37: =IF(AND((G$5>=1),(G$5<'6a-Hierarchy'!$G$36))," ",IF(G$5='6a-Hierarchy'!$G$36,G$5,"")) | H37: =IF(AND((H$5>=1),(H$5<'6a-Hierarchy'!$G$36))," ",IF(H$5='6a-Hierarchy'!$G$36,H$5,"")) | I37: =IF(AND((I$5>=1),(I$5<'6a-Hierarchy'!$G$36))," ",IF(I$5='6a-Hierarchy'!$G$36,I$5,"")) | J37: =IF(AND((J$5>=1),(J$5<'6a-Hierarchy'!$G$36))," ",IF(J$5='6a-Hierarchy'!$G$36,J$5,"")) | K37: =IF(AND((K$5>=1),(K$5<'6a-Hierarchy'!$G$36))," ",IF(K$5='6a-Hierarchy'!$G$36,K$5,"")) | ... M37: =IF(AND((M$5>=1),(M$5<'6a-Hierarchy'!$G$36))," ",IF(M$5='6a-Hierarchy'!$G$36,M$5,"")) | N37: =$B$34*SUM(D37:M37) -> 0 | P37: =N37*$F$50 -> 0
A39: OVERALL PERFORMANCE | D39: Performance (P) | F39: % Change Performance | H39: Cost (C) | J39: % Change Cost | L39: Value Index (P/C) | N39: % Value Improvement | P39: 그래프용 테이블1
P40: 대 안 | Q40: 비용 | R40: 성능 | S40: 가치 | T40: LCC
P41: =A50 -> 비교1안(PCC Slab 46cm) | Q41: =J50 -> 1 | R41: =H50 -> 100 | S41: =R41/H42 -> 89.605735 | T41: ='5c-Life Cycle Cost (1)'!H37 -> 1796.3899
A42: Original Concept | D42: =+N6+N10+N14+N18+N22+N26+N30+N34 -> 500 | H42: =ROUND(T41/MIN($T$41:$T$42),3) -> 1.116 | L42: =D42/H42 -> 448.02867 | P42: =A51 -> 비교2안(PCC Slab 50cm) | Q42: =J51 -> 0.89635395 | R42: =H51 -> 115 | S42: =R42/H43 -> 115 | T42: ='5c-Life Cycle Cost (1)'!I37 -> 1610.2012
A43: Alt.#1 - Insert Description | D43: =+N7+N11+N15+N19+N23+N27+N31+N35 -> 574.8 | F43: =(D43-D$42)/D42 -> 0.1496 | H43: =ROUND(T42/MIN($T$41:$T$42),3) -> 1 | J43: =(H$42-H43)/H$42 -> 0.10394265 | L43: =D43/H43 -> 574.8 | N43: =(L43-$L$42)/L42 -> 0.2829536 | P43: =A52 | Q43: =J52 -> 0 | R43: =H52 -> 0 | S43: =R43/H44 -> #DIV/0! | T43: ='5d-Life Cycle Cost (2)'!H37 -> 0
A44: Alt.#2 - Insert Description | D44: =+N8+N12+N16+N20+N24+N28+N32+N36 -> 0 | F44: =(D44-D$42)/D$42 -> -1 | H44: =ROUND(T43/MIN($T$41:$T$44),3) -> #DIV/0! | J44: =(H$42-H44)/H$42 -> #DIV/0! | L44: =D44/H44 -> #DIV/0! | N44: =(L44-$L$42)/L42 -> #DIV/0! | P44: =A53 | Q44: =J53 -> 0 | R44: =H53 -> 0 | S44: =L45/10 -> #DIV/0! | T44: ='5d-Life Cycle Cost (2)'!I37 -> 0
A45: Alt.#3 - Insert Description | D45: =+N9+N13+N17+N21+N25+N29+N33+N37 -> 0 | F45: =(D45-D$42)/D$42 -> -1 | H45: =ROUND(T44/MIN($T$41:$T$44),3) -> #DIV/0! | J45: =(H$42-H45)/H$42 -> #DIV/0! | L45: =D45/H45 -> #DIV/0! | N45: =(L45-$L$42)/L42 -> #DIV/0!
A47: SUMMARY OF RESULT | D47: 성능 (P) | F47: 환산계수 (e) | H47: 성능점수 (P´=P×e) | J47: 비용지수(C) | L47: 가치점수 (P´/C) | N47: 가치유형
A50: =IF('4a-Rating Rationale (1)'!D2="","",'4a-Rating Rationale (1)'!D2) -> 비교1안(PCC Slab 46cm) | D50: =D42 -> 500 | F50: 0.2 | H50: =ROUND(D50*F50,1) -> 100 | J50: =T41/$T$41 -> 1 | L50: =ROUND(H50/J50,1) -> 100
A51: =IF('4b-Rating Rationale (2)'!D2="","",'4b-Rating Rationale (2)'!D2) -> 비교2안(PCC Slab 50cm) | D51: =D43 -> 574.8 | F51: =F50 -> 0.2 | H51: =ROUND(D51*F51,1) -> 115 | J51: =T42/$T$41 -> 0.89635395 | L51: =ROUND(H51/J51,1) -> 128.3 | N51: 가치혁신형
A52: =IF('4c-Rating Rationale (3)'!D2="","",'4c-Rating Rationale (3)'!D2)
A53: =IF('4d-Rating Rationale (4)'!D2="","",'4d-Rating Rationale (4)'!D2)

Sheet 6c-Proposal
A1: LCC절감·가치향상 제안서
A2: □ 제안서번호/제안명 : VE1-01/교량형식 개선
A3: 사 업 명 | C3: 이천~오산 고속도로 민간투자사업(BTO)
A4: 제안자명 | C4: 도로부
A5: 제안내용 | C5: 개 선 전 | H5: 개 선 후
A15: 경 제 성 평 가 결 과 | C15: 생애주기비용(LCC) 절감효과 | I15: 가치향상효과
C16: ① | D16: ② | E16: ③ | G16: ④ | H16: 절감율 (④/③×100%) | I16: ⑤ | K16: ⑥ | M16: 가치향상도 {(V2-V1)/V1}×100%)
C17: 건설사업 비용 | D17: 유지관리 비용 | E17: 계(LCC) (=①+②) | G17: 절감액 (=L1-L2) | I17: 성능점수 [P](점) | K17: 가치점수 [V](점)
B18: 개선전 | E18: L1= | I18: P1= | J18: ='6b-Value Matrix'!H50 -> 100 | K18: V1= | L18: ='6b-Value Matrix'!L50 -> 100
B19: 개선후 | E19: L2= | I19: P2= | J19: ='6b-Value Matrix'!L51 -> 128.3 | K19: V2= | L19: ='6b-Value Matrix'!L51 -> 128.3
A20: 제안의 특 징 | C20: 장 점 | G20: 단 점 | K20: 시공시 주의할 점
A29: 효 과 (기술성)
A32: ※유지관리비용은 현재가치를 기입함
A33: ※생애주기비용으로 설계의 경제성 검토가 불가피한 경우『건설사업비용절감 제안서』로 대체
